Glottocode	Concepticon_Gloss	cons
acom1246	WATER	ts c
acom1246	LIVER	ʔ ʔ n + n
acom1246	EAR	s + p
acom1246	WOMAN	kʲ
acom1246	FOOT	k s d
acom1246	FISH	s kʲ + ʃ
acom1246	HORN (ANATOMY)	z ʈʂ
acom1246	NOSE	w + ʃ + n
acom1246	BITE	g + k
acom1246	YELLOW	kʲ tʃ n
acom1246	LIE (REST)	k ʔ z
acom1246	GIVE	z d
acom1246	STONE	k n
acom1246	FLY (MOVE THROUGH AIR)	ts + p
acom1246	HEART	w n s k
acom1246	DOG	d j
acom1246	SEED	g w c
acom1246	NOSE	ts + ʃ
acom1246	BELLY	k n k
acom1246	FEATHER	h + p
acom1246	HEAR	k k
acom1246	STAR	ʂ d + t
acom1246	SMOKE (EXHAUST)	g r r k
acom1246	DRINK	g s kʲ
acom1246	SEED	h + ʈʂ n
acom1246	HAND	w n s k
acom1246	NECK	g w + ʐ
acom1246	KILL	g m t c
acom1246	BREAST	g w ts
acom1246	NIGHT	n w
acom1246	GOOD	d w
acom1246	EAT	k p
acom1246	SUN	ʔ ʂ + ʈʂ
acom1246	SMALL	ʐ
acom1246	LEAF	m s + n
acom1246	NAME	ʔ + g
acom1246	NEW	n + c
acom1246	SAY	kʲ z
acom1246	CLOUD	h j t
acom1246	TWO	d + w
acom1246	EYE	h w n + n
acom1246	MOUTH	ts + kʲ
acom1246	BLOOD	m + ts
acom1246	KNOW (SOMETHING)	g n
acom1246	SAND	j ʔ
acom1246	WHITE	k ʃ + n
acom1246	TOOTH	h + k n
acom1246	GREEN	kʲ s k
acom1246	LOUSE	ʃ n
acom1246	KNEE	g ʔ ʃ
acom1246	FULL	g + tʲ
acom1246	DIE	k + s tʲ
acom1246	EGG	n + w + kʲ
acom1246	MOUNTAIN	kʲ t
acom1246	BONE	h + s k n
acom1246	FAT (ORGANIC SUBSTANCE)	ʔ ʂ tʲ
acom1246	BARK	ʔ + k n n
acom1246	CLAW	h + w + k n
acom1246	ASH	m + ʂ
acom1246	MOON	d + w + ʈʂ
acom1246	ROOT	w + w ʈʂ n
acom1246	GIVE	z ʔ
acom1246	EYE	kʲ + n
acom1246	ROUND	s kʲ d c
acom1246	BIRD	b + s b + n
acom1246	HAIR	h + ʐ n
acom1246	MAN	h ʈʂ c
acom1246	SEE	g + k tʃ
acom1246	ONE	ʔ s k
acom1246	TONGUE	w + tʃ n
acom1246	HEAD	g + n s k
poch1244	LOUSE	t m t
poch1244	HAND	m
poch1244	COME	w tʃ
poch1244	ALL	n tʃ
poch1244	NOSE	j k t
poch1244	NECK	k ʃ t
poch1244	DRY	w k
poch1244	WHO	k
poch1244	BLOOD	s t
poch1244	EAT	kʷ
poch1244	TWO	m m
poch1244	WATER	t
poch1244	SUN	t n l
poch1244	KILL	m k t
poch1244	FIRE	t t
poch1244	BIRD	t t t
poch1244	HEAD	kʷ
poch1244	COME	w l
poch1244	KNOW (SOMETHING)	m t
poch1244	ONE	s
poch1244	FOOT	ʃ
poch1244	MAN	t k t
poch1244	SKIN	kʷ t ʃ t
poch1244	HEAR	k k
poch1244	SLEEP	k tʃ
poch1244	HAIR	tʃ n
poch1244	FISH	m tʃ m
poch1244	BIG	w j m
poch1244	WHAT	t
poch1244	STONE	t t
poch1244	MOUTH	t n
poch1244	FLY (MOVE THROUGH AIR)	p t n
poch1244	I	n n
poch1244	LIE (REST)	t k
poch1244	EAR	n k s t
poch1244	EARTH (SOIL)	t l
poch1244	GIVE	m k
poch1244	GREEN	ʃ
poch1244	NIGHT	w l
poch1244	LEAF	ʃ t
poch1244	SEED	tʃ
poch1244	MOON	m s t
poch1244	SEE	t
poch1244	BONE	t
poch1244	ASH	n ʃ t
poch1244	TREE	kʷ g t
tete1251	THAT	n n k
tete1251	MOON	m c + t l
tete1251	RED	tʃ tʃ l t k
tete1251	HAND	m
tete1251	FAT (ORGANIC SUBSTANCE)	tʃ j w
tete1251	NEW	j n kʷ k
tete1251	ONE	s
tete1251	SKIN	kʷ t l ʃ + t l
tete1251	WE	t h w n t
tete1251	WATER	c n + t l
tete1251	SMOKE (EXHAUST)	p k + t l
tete1251	FLY (MOVE THROUGH AIR)	p t l n
tete1251	TOOTH	t l n k tʃ
tete1251	ROOT	n l w j + t l
tete1251	FULL	t n t k
tete1251	WHO	k
tete1251	KILL	m k t
tete1251	LONG	b j k
tete1251	BELLY	h t
tete1251	MOUNTAIN	t p + t l
tete1251	WHAT	tˡ n
tete1251	LOUSE	t m t l
tete1251	EGG	t t l t + t l
tete1251	COLD	c t k
tete1251	HEAD	c n + t k
tete1251	FOOT	k ʃ
tete1251	KNEE	t l n kʷ t
tete1251	LIE (REST)	b c t t k
tete1251	MOUTH	k m k
tete1251	SEE	h t
tete1251	SAY	h t
tete1251	CLAW	s t
tete1251	HEAD	kʷ
tete1251	COME	b tʃ
tete1251	KNOW (SOMETHING)	m t
tete1251	EYE	ʃ t l l
tete1251	SAND	ʃ l
tete1251	BIG	b j
tete1251	WHAT	tˡ
tete1251	THIS	n n n k
tete1251	HAIR	ts n + t l
tete1251	GOOD	kʷ l
tete1251	FEATHER	t h m + t l
tete1251	CLOUD	m ʃ + t l
tete1251	TAIL	kʷ t l p + l
tete1251	ONE	s n t
tete1251	EAR	n k s
tete1251	TWO	m
tete1251	NECK	k tʃ + k tʃ + t l
tete1251	LOUSE	t m + t l
tete1251	HEART	j l h + t l
tete1251	ASH	t l k n ʃ + t l
tete1251	SUN	t n l
tete1251	STONE	t t t
tete1251	MANY	m j k
tete1251	LEAF	ʃ b + t l
tete1251	MAN	t l k + t l
tete1251	COME	b ts
tete1251	BREAST	tʃ tʃ w + l
tete1251	BONE	m m t + t l
tete1251	COME	w l
tete1251	BLACK	t l l t k
tete1251	THIS	n
tete1251	EARTH (SOIL)	t l l
tete1251	WOMAN	s w + t l
tete1251	LIE (REST)	b c t k
tete1251	EAT	kʷ
tete1251	WE	t h w
tete1251	WHITE	s t k
tete1251	SEED	ʃ n tʃ + t l
tete1251	FIRE	t l c n + t l
tete1251	THAT	n k h
tete1251	DIE	m k
tete1251	DRINK	t l
tete1251	HEAR	k k
tete1251	BIRD	t t + t l
tete1251	SLEEP	k tʃ
tete1251	ALL	n tʃ
tete1251	LIE (REST)	t t k
tete1251	THAT	n k
tete1251	YELLOW	k s t k
tete1251	NECK	k tʃ + kʷ h j
tete1251	ROOT	n l w + t l
tete1251	DRINK	k n
tete1251	STAR	s t l l
tete1251	NOSE	j k + c + l
tete1251	THIS	n n k
tete1251	ROUND	m m l t ts
tete1251	BLOOD	j s + t l
tete1251	FISH	m tʃ
tete1251	TREE	kʷ b + t l
tete1251	DRY	w h k
tete1251	MOUTH	t n
tete1251	NIGHT	j w l
tete1251	BITE	k c m
tete1251	SWIM	m w l n
tete1251	DOG	tʃ tʃ t
tete1251	WALK	n h n m
tete1251	GIVE	m k
tete1251	NAME	t k
tete1251	TWO	n t
tete1251	SMALL	ts c k c
tete1251	LIVER	l + l
tete1251	PERSON	t l k
tete1251	TONGUE	n n p + l
tete1251	BARK	j w j + t l
tete1251	THOU	t h
tete1251	I	n h
tete1251	GREEN	ʃ ʃ k t k
tete1251	THAT	n
high1278	PERSON	t k j + t
high1278	CLOUD	m ʃ + t
high1278	LIE (REST)	t k
high1278	HEAR	k k
high1278	COLD	s s k
high1278	NIGHT	j w l
high1278	LEAF	ʃ w + t
high1278	FOOT	m ts
high1278	FISH	m tʃ
high1278	FAT (ORGANIC SUBSTANCE)	tʃ w k
high1278	FIRE	t + t
high1278	ONE	s
high1278	HORN (ANATOMY)	kʷ t ʃ
high1278	I	n h
high1278	HAIR	ts n + t
high1278	SKIN	kʷ t ʃ
high1278	HEART	j l
high1278	NAME	t k + 
high1278	ASH	kʷ n ʃ
high1278	ROOT	n l w + t
high1278	DRY	w j k
high1278	TAIL	kʷ t p + l
high1278	DIE	m k
high1278	FEATHER	h w + t
high1278	LIE (REST)	w c t k
high1278	WHITE	s t k
high1278	DRINK	t
high1278	SAY	k h t
high1278	RED	tʃ tʃ l t k
high1278	EYE	ʃ t l l
high1278	KNEE	t n kʷ
high1278	FULL	p ʃ n t k
high1278	THIS	n
high1278	HEAD	c n + t c n
high1278	SEED	ʃ n tʃ
high1278	GOOD	kʷ l
high1278	THIS	n m l
high1278	BIG	w j
high1278	NOSE	j k c + l
high1278	BREAST	tʃ tʃ w + l
high1278	TONGUE	n n p + l
high1278	CLAW	s t
high1278	NEW	j n g k
high1278	COME	w tʃ
high1278	WALK	n h n m
high1278	SAND	ʃ + l
high1278	BONE	m + t
high1278	BLACK	t l t k
high1278	SMOKE (EXHAUST)	p k + t
high1278	TREE	kʷ w + t
high1278	BIRD	t t c n
high1278	MOON	m c + t
high1278	EAR	n k s
high1278	MANY	m k
high1278	BELLY	p ʃ
high1278	BLOOD	s + t
high1278	WHAT	t
high1278	EARTH (SOIL)	t + l
high1278	EAT	t kʷ
high1278	GIVE	m k
high1278	FLY (MOVE THROUGH AIR)	p t n
high1278	SUN	t n + l
high1278	MOUNTAIN	t p + t
high1278	ALL	n tʃ
high1278	YELLOW	k s t k
high1278	THAT	n
high1278	LOUSE	t k l + t
high1278	LONG	w j k
high1278	WHO	k n
high1278	MOUTH	t n
high1278	HAND	m
high1278	WATER	 + t
high1278	STONE	t t
high1278	STAR	s t l n
high1278	SLEEP	k tʃ
high1278	SEE	t
high1278	MAN	t g + t
high1278	DOG	tʃ w n + t
high1278	EGG	p t + t
high1278	HEAD	kʷ
high1278	GREEN	ʃ ʃ k t k
high1278	COME	w c w ts
high1278	NECK	k tʃ
high1278	TWO	m
high1278	TOOTH	t n
high1278	SMALL	n h n l
high1278	BITE	k h c m
high1278	ROUND	t l t k
high1278	COME	w l
high1278	BARK	w + t
high1278	KNOW (SOMETHING)	m t
high1278	KILL	m k t
high1278	WOMAN	s w + t
cahu1264	NAME	t w + l
cahu1264	THOU	ʔ t
cahu1264	FULL	m tʃ + m
cahu1264	LIVER	n ʔ m
cahu1264	ASH	n s x + ʃ
cahu1264	BITE	k ʔ
cahu1264	LONG	w v + m
cahu1264	FIRE	k + t
cahu1264	SEED	p tʃ + l
cahu1264	EAT	kʷ ʔ
cahu1264	BLOOD	 + l
cahu1264	BIRD	w k k m l
cahu1264	NOSE	m + l
cahu1264	STONE	q w + ʃ
cahu1264	SEE	t w
cahu1264	MOUTH	t m + l
cahu1264	SUN	t m + t
cahu1264	WE	ts m m
cahu1264	CLOUD	w w n + ʃ
cahu1264	GREEN	t k v ʃ + n k + s
cahu1264	MAN	n x n + ʃ
cahu1264	LIE (REST)	m x
cahu1264	BONE	t ʔ + l
cahu1264	KNEE	t m + l
cahu1264	TWO	w h
cahu1264	NIGHT	t k m j t
cahu1264	MOUNTAIN	q w + ʃ
cahu1264	FLY (MOVE THROUGH AIR)	h ŋ
cahu1264	TAIL	kʷ s
cahu1264	SKIN	s v + l
cahu1264	COME	n k
cahu1264	TONGUE	n ŋ + l
cahu1264	EAR	n q + l
cahu1264	LEAF	p l + t
cahu1264	DIE	m k
cahu1264	WE	ts m
cahu1264	BLACK	t l + n k
cahu1264	FEATHER	w k + l
cahu1264	HAND	m + l
cahu1264	RED	s l n k + ʃ
cahu1264	PERSON	t x l s w + t
cahu1264	HEAD	j l k + l
cahu1264	EARTH (SOIL)	t m + l
cahu1264	FISH	k j l
cahu1264	GOOD	tʃ + 
cahu1264	BREAST	p + l
cahu1264	ONE	s p l j
cahu1264	SAND	ŋ tʃ + ʃ
cahu1264	BIG	m n + ʔ
cahu1264	MOON	m n + l
cahu1264	MANY	m t + n
cahu1264	NEW	p ŋ + ʃ
cahu1264	EGG	w v ʔ
cahu1264	FAT (ORGANIC SUBSTANCE)	w + l
cahu1264	BARK	t ʃ ʔ
cahu1264	THIS	ʔ
cahu1264	ALL	m n
cahu1264	LOUSE	s ʔ w + l
cahu1264	SLEEP	k p
cahu1264	HEAR	n q m
cahu1264	EYE	p tʃ + l
cahu1264	SMOKE (EXHAUST)	m ʔ + t
cahu1264	WALK	n m
cahu1264	NECK	p + l
cahu1264	HEART	s n + l
cahu1264	WHAT	h ts x
cahu1264	DRINK	p
cahu1264	DOG	w + l
cahu1264	TREE	k l w + t
cahu1264	FOOT	ʔ
cahu1264	GIVE	m x
cahu1264	THAT	v t
cahu1264	BARK	t tʃ + l
cahu1264	WHAT	h ts ʔ
cahu1264	WHO	h x ʔ
cahu1264	YELLOW	t s n k + ʃ
cahu1264	WHITE	t v ʃ + n k
cahu1264	SMALL	n ʃ + l
cahu1264	WOMAN	ɲ tʃ l
cahu1264	TOOTH	t m + l
cahu1264	I	n
cahu1264	SAY	k t ʃ
cahu1264	WHAT	h ts ʔ
cahu1264	KNOW (SOMETHING)	ʔ n n
cahu1264	CLAW	s l + l
cahu1264	ROUND	p m l
cahu1264	HAIR	j l k + l
cahu1264	WATER	p + l
cahu1264	DRY	w x
cahu1264	STAR	s ʔ w + t
cahu1264	ROOT	p k + ʔ
cahu1264	KILL	m k + n
cahu1264	BELLY	t ʔ + l
cahu1264	COLD	j + m
cahu1264	THAT	t
cahu1264	HORN (ANATOMY)	w + l
chem1251	WOMAN	m m ʔ
chem1251	MOUTH	t m p
chem1251	COLD	s + j ʔ
chem1251	FIRE	k n
chem1251	SMALL	m ʔ + n c
chem1251	DOG	w ʔ c k
chem1251	SEED	p ʔ + p
chem1251	ROUND	m n ŋ k
chem1251	NOSE	m p
chem1251	EYE	p ʔ + p
chem1251	DOG	p n k + c
chem1251	DRY	t p s
chem1251	DRINK	h p
chem1251	NAME	n + p
chem1251	THAT	m k
chem1251	GOOD	h
chem1251	COME	p p c
chem1251	THAT	
chem1251	KILL	p k
chem1251	BONE	h + p
chem1251	BITE	k ʔ
chem1251	LOUSE	p ʔ p
chem1251	LEAF	n ŋ k + p
chem1251	HAIR	t c + p ʔ + p
chem1251	COLD	s + t ʔ
chem1251	STONE	t m p
chem1251	GREEN	s w + k
chem1251	BREAST	p h
chem1251	HEAD	t c
chem1251	TOOTH	t w m + p
chem1251	BIRD	w c ʔ c
chem1251	ALL	m n
chem1251	MAN	t w + c
chem1251	SWIM	n p k
chem1251	HORN (ANATOMY)	 + p
chem1251	KNEE	t ŋ
chem1251	BLOOD	p p
chem1251	SLEEP	p
chem1251	WATER	p
chem1251	HEART	p j
chem1251	THAT	m
chem1251	FLY (MOVE THROUGH AIR)	w c
chem1251	WHITE	t s + k
chem1251	NECK	k t
chem1251	WHO	h n
chem1251	FOOT	n m p
chem1251	FISH	p k c
chem1251	EAT	t k
chem1251	TWO	w h
chem1251	DIE	j ʔ k w ʔ
chem1251	PERSON	n w
chem1251	HAND	m ʔ + v
chem1251	ASH	k c + p
chem1251	MOUNTAIN	k p
chem1251	LIVER	n w m + p
chem1251	FAT (ORGANIC SUBSTANCE)	j h
chem1251	STAR	p c + p
chem1251	KNOW (SOMETHING)	p t c k
chem1251	WHAT	h n
chem1251	ONE	s
chem1251	WE	t m
chem1251	I	n
chem1251	ROOT	t t n + p
chem1251	SEE	p n
chem1251	BIG	h k
chem1251	SAY	m
chem1251	GIVE	m k
chem1251	BARK	s + ʔ
chem1251	TAIL	kʷ s
chem1251	CLAW	t + s c ʔ
chem1251	BELLY	s p
chem1251	NIGHT	t w + n
chem1251	SMOKE (EXHAUST)	kʷ h + p
chem1251	BLACK	t p + k
chem1251	RED	ŋ k + k
chem1251	WE	t m
chem1251	WALK	t
chem1251	EAR	n ŋ k
chem1251	WHAT	h m p
chem1251	LIE (REST)	h h p
chem1251	SUN	t p + p c
chem1251	SKIN	s + ʔ
chem1251	SAND	t p
chem1251	THAT	k
chem1251	SKIN	s + p
chem1251	THIS	ts
chem1251	MOON	m j t k p
chem1251	WE	n m
chem1251	HEAR	n ŋ k
chem1251	TREE	m h p
chem1251	YELLOW	s k + k
chem1251	MANY	p ʔ
chem1251	TONGUE	k m + p
chem1251	FAT (ORGANIC SUBSTANCE)	w w p
chem1251	EGG	n p + p
chem1251	WHO	h ŋ
chem1251	EARTH (SOIL)	t p p
chem1251	THAT	t
chem1251	THAT	m t
chem1251	CLOUD	p k n + p
chem1251	THIS	k
chem1251	THIS	
chem1251	LONG	p ʔ + n t k
chem1251	FEATHER	w s + p
chem1251	THOU	m
chem1251	NEW	 + k
clas1250	WHO	k n
clas1250	SKIN	k w t l ʃ t l
clas1250	FEATHER	ʔ w + t l
clas1250	TOOTH	t l n + t l
clas1250	DOG	tʃ tʃ
clas1250	WHAT	tˡ n
clas1250	ALL	m tʃ
clas1250	KNEE	t l n + kʷ + t l
clas1250	MOUTH	k m k + t l
clas1250	HEAD	kʷ t l
clas1250	ONE	s
clas1250	I	n ʔ
clas1250	GIVE	m k
clas1250	COLD	c + t k
clas1250	NOSE	j k + t l
clas1250	NEW	j + n + kʷ +  + k
clas1250	ASH	n ʃ + t l
clas1250	THAT	n n
clas1250	ROOT	t l + n + l + w + t l
clas1250	EAR	n k s + t l
clas1250	HEAD	ts c n + t + k n
clas1250	MOUTH	t n t l
clas1250	HAIR	ts n + t l
clas1250	BITE	k c m
clas1250	BELLY	ʔ t + t l
clas1250	COME	w l + l
clas1250	SUN	t n + t
clas1250	LONG	w + j k
clas1250	NIGHT	 + w + l + l
clas1250	SMOKE (EXHAUST)	p s + t l
clas1250	BONE	m + t l
clas1250	WOMAN	s w + t l
clas1250	PERSON	t l k + t l
clas1250	BITE	k h c m
clas1250	BIG	w ʔ
clas1250	WHITE	s t + k
clas1250	BIRD	t t + t l
clas1250	FIRE	t l + t l
clas1250	KILL	m k t
clas1250	SWIM	kʷ
clas1250	BLOOD	s + t l
clas1250	COME	w tʃ
clas1250	ALL	m tʃ
clas1250	I	n ʔ w t l
clas1250	HORN (ANATOMY)	kʷ + kʷ w + t l
clas1250	WATER	 + t l
clas1250	TAIL	kʷ t l + p l + l
clas1250	NAME	t + k + t l
clas1250	ALL	x k tʃ
clas1250	HEAR	k k
clas1250	HAIR	k p
clas1250	LOUSE	t m t l
clas1250	WALK	n n m
clas1250	WE	t ʔ w n
clas1250	ROUND	j w + l + l
clas1250	LIE (REST)	t k
clas1250	HEART	j l +  + t l
clas1250	MANY	m + k
clas1250	SKIN	ʔ w + t l
clas1250	YELLOW	k s + t l
clas1250	BIG	w
clas1250	LIVER	l + t + tʃ + t l
clas1250	EYE	ʃ + t l l + t l
clas1250	LIE (REST)	t k
clas1250	COME	w l
clas1250	SAND	ʃ + l + l
clas1250	THIS	n n
clas1250	MANY	m k
clas1250	SAY	ʔ t + 
clas1250	HAND	m + t l
clas1250	RED	tʃ + tʃ l + t k
clas1250	FLY (MOVE THROUGH AIR)	p t l + n
clas1250	SMALL	t p + t n
clas1250	SLEEP	k tʃ
clas1250	DRY	ʃ + w k + k
clas1250	LEAF	s w + t l
clas1250	BLACK	t l l + t k
clas1250	KNOW (SOMETHING)	m t
clas1250	FAT (ORGANIC SUBSTANCE)	s + j + t l
clas1250	TWO	 + m
clas1250	TONGUE	n n p l + l
clas1250	THOU	t h
clas1250	MAN	t l k + t l
clas1250	FISH	m tʃ + n
clas1250	GREEN	s s w
clas1250	NECK	kʷ tʃ + t l
clas1250	CLAW	s t + t l
clas1250	DIE	m k
clas1250	BARK	ʔ w + t l
clas1250	LOUSE	ʔ t + n + t l
clas1250	CLOUD	m ʃ + t l
clas1250	GREEN	k l + t k
clas1250	MOUNTAIN	t p + t l
clas1250	FULL	p ʃ + n + l + t
clas1250	SEE	t
clas1250	STAR	s t l l + n
clas1250	STONE	t + t l
clas1250	TREE	kʷ w + t l
clas1250	LEAF	ʃ w + t l
clas1250	DRINK	 + t l + 
clas1250	FOOT	k ʃ + t l
clas1250	MOON	m c + t l
clas1250	GOOD	kʷ l + t k
clas1250	BREAST	tʃ tʃ w l + l
clas1250	EAT	kʷ
clas1250	EARTH (SOIL)	t l l + l
clas1250	SEED	tʃ + t l
clas1250	EGG	t + t l
coah1252	PERSON	p
coah1252	GOOD	m n m
coah1252	HEART	x s l
coah1252	DIE	x m
coah1252	KNOW (SOMETHING)	x
coah1252	MANY	x x
coah1252	KILL	t
coah1252	DIE	t z m
coah1252	NIGHT	t k m
coah1252	WALK	k
coah1252	HEAR	t c k
coah1252	SEE	m s
coah1252	COME	t c n
coah1252	ONE	p l ʔ
coah1252	MANY	p
coah1252	GIVE	x
coah1252	DRINK	x
coah1252	MOON	n
coah1252	SAY	l
coah1252	NIGHT	t c m
coah1252	HAND	s w n
coah1252	GOOD	t c n
coah1252	TWO	x t
coah1252	BIRD	j m
coah1252	NAME	x
coah1252	FLY (MOVE THROUGH AIR)	j m
coah1252	SAY	k
coah1252	BLOOD	k s
coah1252	COME	k l
coah1252	KILL	t c p
coah1252	SLEEP	t z m x
coah1252	HEAR	t
coah1252	BLOOD	h t z
coah1252	LIE (REST)	tˀ m
coah1252	MAN	x g
coah1252	GOOD	ts pˀ n
coah1252	PERSON	p l m
coah1252	BREAST	t z t z
coah1252	EARTH (SOIL)	t p
coah1252	MANY	x t z
coah1252	MANY	k
coah1252	WOMAN	t g
coah1252	EAT	h m
coah1252	FIRE	t l m
coma1245	FEATHER	s
coma1245	SAND	p s w + p
coma1245	SKIN	p ʔ ʔ
coma1245	LIE (REST)	h v
coma1245	ASH	t h s p h
coma1245	ROOT	t r n
coma1245	KNEE	t n + p h
coma1245	STAR	t c n + p
coma1245	FULL	t p + t
coma1245	WATER	p
coma1245	NOSE	m v
coma1245	EGG	n j
coma1245	HAIR	p p
coma1245	GREEN	p
coma1245	DOG	s r
coma1245	MAN	t n p ʔ
coma1245	FAT (ORGANIC SUBSTANCE)	j h
coma1245	CLOUD	t m k t
coma1245	TONGUE	k
coma1245	SUN	t v
coma1245	NEW	k
coma1245	FIRE	k t p h
coma1245	SMALL	t
coma1245	KNOW (SOMETHING)	s p t
coma1245	ALL	j
coma1245	TWO	w h
coma1245	WE	t n
coma1245	ONE	s m
coma1245	THIS	t
coma1245	SMOKE (EXHAUST)	k k w
coma1245	THIS	s
coma1245	MOUTH	t p
coma1245	DRY	p s
coma1245	WHITE	t s + p h t n
coma1245	PERSON	n m
coma1245	FISH	p kʷ
coma1245	HEAR	n k
coma1245	BIRD	k ts
coma1245	TOOTH	t m
coma1245	SEE	p n
coma1245	FLY (MOVE THROUGH AIR)	j c
coma1245	DRINK	h v
coma1245	ALL	j
coma1245	EAT	t k
coma1245	SEED	p h
coma1245	NAME	n h n
coma1245	HEART	p h
coma1245	ROUND	t p n + t
coma1245	COME	k m
coma1245	DIE	t j
coma1245	BLOOD	p p + p n
coma1245	BITE	k c + c
coma1245	STONE	t + p
coma1245	MOON	m
coma1245	EYE	p
coma1245	NIGHT	t k n
coma1245	SLEEP	p
coma1245	NECK	t j
coma1245	SWIM	p h p t
coma1245	MOUNTAIN	t j + v
coma1245	LIVER	n m
coma1245	WHO	h k t
coma1245	BARK	p ʔ
coma1245	CLAW	s t
coma1245	EARTH (SOIL)	s k + v
coma1245	EAR	n k
coma1245	WHAT	h n
coma1245	COLD	c ʔ
coma1245	I	n ʔ
coma1245	KILL	p k
coma1245	LOUSE	p s
coma1245	BREAST	p c
coma1245	HEAD	p p
coma1245	YELLOW	h
coma1245	WOMAN	w ʔ p
coma1245	LONG	p ʔ
coma1245	KNOW (SOMETHING)	s m p n ʔ + t
coma1245	TAIL	kʷ s
coma1245	BLACK	t h + p h t
coma1245	WHAT	h n
coma1245	WALK	m ʔ
coma1245	RED	k
coma1245	FOOT	n p
coma1245	BIG	p
coma1245	SAY	n kʷ
coma1245	HAND	m ʔ
coma1245	HORN (ANATOMY)	
coma1245	THAT	t
coma1245	BONE	ts h n
coma1245	GIVE	t
coma1245	BELLY	s p h
coma1245	MANY	s + t
coma1245	GOOD	ts + t
coma1245	THOU	n
coma1245	THAT	t
coma1245	LEAF	p h p h
coma1245	TREE	h p + p
come1253	BITE	k m
come1253	LOUSE	p t
come1253	HEAD	l x
come1253	ASH	s m l
come1253	SAY	k n
come1253	GOOD	p l x
come1253	MOON	k n
come1253	SKIN	m l
come1253	LEAF	s l
come1253	SMOKE (EXHAUST)	k m
come1253	FULL	p k m
come1253	FAT (ORGANIC SUBSTANCE)	w w
come1253	BLOOD	k l
come1253	DOG	k l m
come1253	WOMAN	k m
come1253	PERSON	s t k
come1253	MAN	s t k + g n x
come1253	CLOUD	x
come1253	SKIN	h m
come1253	COME	k
come1253	RED	p m s l
come1253	LIE (REST)	k l
come1253	BIG	p k n x
come1253	SLEEP	p t
come1253	HAIR	l x
come1253	DIE	p k t
come1253	TONGUE	x p n
come1253	COLD	p k l
come1253	EAT	k
come1253	TAIL	p
come1253	KILL	k m
come1253	BELLY	w x
come1253	HAIR	m l
come1253	STAR	k t k
come1253	FAT (ORGANIC SUBSTANCE)	p k
come1253	YELLOW	j l + 
come1253	MANY	s k
come1253	FISH	s l
come1253	EYE	 + 
come1253	EGG	j
come1253	DIE	p l
come1253	TAIL	m w
come1253	HEAR	j
come1253	BLACK	p l
come1253	KNEE	 + p
come1253	WALK	j n h l
come1253	DOG	k t
come1253	FEATHER	x m
come1253	SUN	l
come1253	BIG	p s k m
come1253	NECK	m
come1253	DIE	k m
come1253	GOOD	p s x
come1253	NEW	p l x
come1253	WHITE	p p k
come1253	SMALL	k c x
come1253	STONE	w j k l
come1253	FISH	t s
come1253	FOOT	l m
come1253	NIGHT	g l l
come1253	DRY	p t
come1253	CLOUD	m p l
come1253	BONE	k l m
come1253	GIVE	j m
come1253	WALK	k p n
come1253	CLOUD	p l
come1253	BONE	h
come1253	LOUSE	k
come1253	BLACK	j t
come1253	CLAW	m
come1253	BONE	x
come1253	MOUTH	x l
come1253	RED	k s
come1253	COLD	p s k
come1253	BIRD	x m
come1253	CLOUD	j h l
come1253	COME	l x
come1253	SAY	k w
come1253	DRINK	k m
come1253	FOOT	m
come1253	ROUND	w + t p
come1253	NIGHT	p t t
come1253	CLAW	s k
come1253	COME	p s k l
come1253	FIRE	k l w m
come1253	HAND	k j s l
come1253	TWO	k t n
come1253	DRY	p h t
come1253	FLY (MOVE THROUGH AIR)	k
come1253	TREE	x
come1253	ASH	l n
come1253	EAR	l
come1253	SEE	m x
come1253	NEW	s w l p
come1253	SEED	h k l
come1253	NAME	l k
come1253	LIVER	m
come1253	WALK	k
come1253	FLY (MOVE THROUGH AIR)	k l m s
come1253	KNOW (SOMETHING)	j n m
come1253	GOOD	p x l p
come1253	STONE	p k m t
come1253	ROOT	j m
come1253	NIGHT	h x l l
come1253	BREAST	k n m
come1253	MOUNTAIN	w
come1253	WATER	x
come1253	TOOTH	
come1253	BIG	p k m t
come1253	KNOW (SOMETHING)	h l
come1253	COME	n
come1253	SLEEP	m t
come1253	HORN (ANATOMY)	j m
come1253	ONE	k t n
come1253	WALK	k
come1253	MANY	j w t
come1253	FIRE	l n
come1253	NOSE	j x
elna1235	BIG	v ʔ
elna1235	TREE	k j
elna1235	SEED	c
elna1235	CLOUD	t r
elna1235	SAND	s
elna1235	FULL	 + v + ʔ s t
elna1235	NOSE	ts ʔ r
elna1235	BLOOD	ʃ r ʔ
elna1235	GIVE	t t s t
elna1235	WHAT	t t n
elna1235	NEW	h kʷ
elna1235	COME	nʲ
elna1235	KNEE	t n
elna1235	BARK	k c p ʔ
elna1235	ALL	h ts
elna1235	DOG	ts ʔ
elna1235	THAT	m m
elna1235	MOUTH	t nʲ
elna1235	NAME	n + tʲ + ʔ r
elna1235	I	n
elna1235	TOOTH	t m
elna1235	CLAW	s tʲ
elna1235	BELLY	ʃ
elna1235	FIRE	t h
elna1235	ROOT	n n ʔ
elna1235	EGG	t ʔ
elna1235	LONG	t j
elna1235	FAT (ORGANIC SUBSTANCE)	s t
elna1235	LOUSE	tʲ
elna1235	MANY	m w ʔ
elna1235	EARTH (SOIL)	tʃ w
elna1235	BONE	k r
elna1235	HEART	ʃ h nʲ ʔ k + r
elna1235	SMALL	k l n
elna1235	RED	p ʔ
elna1235	NIGHT	t k ʔ
elna1235	ROUND	h ʔ r
elna1235	NAME	n + tʲ + w
elna1235	DRINK	j ʔ
elna1235	DIE	m ʔ
elna1235	WHITE	kʷ n
elna1235	NECK	k h p
elna1235	SUN	ʃ k
elna1235	WOMAN	h t ʔ
elna1235	STAR	ʃ ʔ r ʔ v
elna1235	THOU	m ʔ
elna1235	BLACK	ʃ ʔ m w
elna1235	COLD	k m w h r + r ʔ
elna1235	KNOW (SOMETHING)	m w ʔ + r
elna1235	SMOKE (EXHAUST)	k c
elna1235	SAY	ʃ
elna1235	TAIL	kʷ s
elna1235	GOOD	r ʔ n
elna1235	YELLOW	t j m w
elna1235	EAR	n ʃ
elna1235	SLEEP	k c
elna1235	FEATHER	n
elna1235	EAT	kʷ ʔ
elna1235	WE	t n
elna1235	HAND	m w h k ʔ
elna1235	DRINK	ʔ
elna1235	BREAST	ts ʔ m
elna1235	WHO	h t n
elna1235	FLY (MOVE THROUGH AIR)	r ʔ
elna1235	BITE	tʃ ʔ
elna1235	LEAF	ʃ n w
elna1235	KILL	h ʔ k
elna1235	HORN (ANATOMY)	w h
elna1235	HEAD	m ʔ
elna1235	GREEN	r ʔ r
elna1235	EYE	h ʔ
elna1235	SEE	s h r
elna1235	SKIN	n v
elna1235	SWIM	h β
elna1235	BIRD	p n ʔ
elna1235	I	n
elna1235	FOOT	k
elna1235	ONE	s
elna1235	TONGUE	n j n r
elna1235	PERSON	t v
elna1235	WATER	h h
elna1235	HEAR	n m w h r
elna1235	EYE	h ʔ s
elna1235	ASH	n s
elna1235	KNOW (SOMETHING)	m w ʔ + tʲ
elna1235	DRY	w tʃ
elna1235	LIE (REST)	k ʔ
elna1235	MOUNTAIN	h r
elna1235	BELLY	h k
elna1235	WALK	j ʔ
elna1235	LIVER	n j m w
elna1235	STONE	t j tʲ
elna1235	TWO	w ʔ p w
elna1235	THIS	ʔ
elna1235	MAN	t j t ʔ
elna1235	HAIR	k p w
elna1235	MOON	m ʃ k r ʔ
elna1235	FISH	w ʔ
elna1235	GOOD	ʃ ʔ p ʔ n
coto1248	FOOT	j s m
coto1248	SMOKE (EXHAUST)	s + 
coto1248	STAR	k p r
coto1248	EYE	r kʷ n
coto1248	FIRE	m n x
coto1248	BELLY	k x
coto1248	BLACK	b
coto1248	RED	m s + 
coto1248	HAIR	m k t
coto1248	GOOD	k n x
coto1248	EARTH (SOIL)	p n
coto1248	WATER	x
coto1248	EAT	h h m
coto1248	DOG	k w + 
coto1248	DRINK	x x
coto1248	WHITE	m s + 
coto1248	SMOKE (EXHAUST)	p + n
coto1248	FEATHER	k w
coto1248	TAIL	s x g
coto1248	SUN	
coto1248	COLD	h w s
coto1248	TREE	d p x
coto1248	HORN (ANATOMY)	j m
coto1248	WOMAN	k t m
coto1248	KILL	w t x k
coto1248	HEAD	m k t
coto1248	SLEEP	m ts k k
coto1248	SMALL	k w s m
coto1248	NIGHT	b
coto1248	BREAST	k n m
coto1248	BELLY	k w l
coto1248	DIE	w t x
coto1248	NOSE	j + x
coto1248	MAN	x w n x
coto1248	BIRD	k m m
coto1248	BLOOD	s x
cupe1243	TONGUE	n ŋ ʔ
cupe1243	MOUTH	t m ʔ
cupe1243	COLD	j
cupe1243	TOOTH	t m ʔ
cupe1243	EAR	n q ʔ
cupe1243	GIVE	m x
cupe1243	THAT	x w ʃ
cupe1243	BARK	tʃ l + l
cupe1243	DRINK	p ʔ
cupe1243	SAND	h x + l
cupe1243	FULL	j t x + ʃ
cupe1243	FOOT	x tʃ
cupe1243	HAIR	j + l
cupe1243	THAT	t
cupe1243	LIVER	n m
cupe1243	EYE	p ʃ
cupe1243	SWIM	w j
cupe1243	YELLOW	k n k n ʔ + ʃ
cupe1243	TWO	w h
cupe1243	THOU	ʔ
cupe1243	MANY	m t ʔ + ʃ
cupe1243	DRY	w x
cupe1243	ONE	s p l
cupe1243	DIE	q w
cupe1243	HEART	ʂ n
cupe1243	NECK	q l ʔ
cupe1243	ASH	w ʂ k + ʃ
cupe1243	WALK	n n w
cupe1243	I	n ʔ
cupe1243	MAN	n x n + ʃ
cupe1243	BONE	t ʔ + l
cupe1243	LOUSE	l ʔ + t
cupe1243	WHAT	h ʃ
cupe1243	HEAD	j
cupe1243	FAT (ORGANIC SUBSTANCE)	w + l
cupe1243	TAIL	q w ʃ
cupe1243	HEAR	n q m
cupe1243	MOON	m n + l
cupe1243	NAME	t w ʔ
cupe1243	ROOT	w l
cupe1243	WOMAN	n w k + t
cupe1243	HAIR	j
cupe1243	WATER	p + l
cupe1243	TREE	k l w + t
cupe1243	LEAF	p c l ʔ
cupe1243	KNOW (SOMETHING)	h w tʃ
cupe1243	HORN (ANATOMY)	w ʔ
cupe1243	THAT	β t
cupe1243	WATER	p w
cupe1243	SMALL	k l j
cupe1243	ONE	s l + t
cupe1243	FISH	q j + l
cupe1243	SUN	t m + t
cupe1243	SAY	j x
cupe1243	STONE	k w + ʃ
cupe1243	EAT	kʷ
cupe1243	SEED	p ʃ
cupe1243	BIG	ʔ n + ʃ
cupe1243	ROUND	p v
cupe1243	ALL	p t ʔ m
cupe1243	STAR	s ʔ + l
cupe1243	MOUNTAIN	p ʔ w ʔ
cupe1243	DOG	w + l
cupe1243	HAND	m
cupe1243	SKIN	t k ʔ
cupe1243	COME	n q
cupe1243	BELLY	ʂ ʔ
cupe1243	SMOKE (EXHAUST)	m ʔ + t
cupe1243	FLY (MOVE THROUGH AIR)	j l
cupe1243	BLOOD	w
cupe1243	KNEE	t m
cupe1243	THIS	ʔ
cupe1243	WHITE	x w j
cupe1243	LONG	w v ʂ + ʃ
cupe1243	PERSON	t x ʔ
cupe1243	RED	kʷ t
cupe1243	SLEEP	k p
cupe1243	BLACK	t l
cupe1243	NOSE	m
cupe1243	WE	ts m
cupe1243	CLAW	ʂ l ʔ
cupe1243	NIGHT	t k m t
cupe1243	NEW	p ŋ + ʃ
cupe1243	EARTH (SOIL)	t m + l
cupe1243	KILL	m q
cupe1243	LIE (REST)	kʷ v
cupe1243	SEE	t w
cupe1243	CLOUD	t m n
cupe1243	BIRD	m k k m l
cupe1243	EGG	p ɲ ʔ + t
cupe1243	FEATHER	w k + l
cupe1243	FIRE	k + t
cupe1243	BREAST	p
cupe1243	BITE	q ʔ
cupe1243	WHO	h x
cupe1243	GOOD	tʃ ʔ
cupe1243	GREEN	x w v
eude1234	SAY	t n
eude1234	FULL	b d v
eude1234	EAT	h b n
eude1234	TREE	ts t
eude1234	FULL	b d h r
eude1234	BLOOD	r t
eude1234	SUN	t v
eude1234	ASH	n p s
eude1234	COME	h r n
eude1234	WOMAN	h h g
eude1234	ROOT	n v
eude1234	DIE	m c n
eude1234	STAR	s r n
eude1234	BIRD	v q t z
eude1234	EARTH (SOIL)	t v t
eude1234	WHO	h b
eude1234	ROUND	t c r
eude1234	NOSE	d c t
eude1234	DRY	h q
eude1234	TONGUE	n n t
eude1234	WHITE	s t
eude1234	KILL	m n
eude1234	EAR	q s v n
eude1234	FIRE	t
eude1234	FULL	b d
eude1234	MANY	m
eude1234	NECK	ts t t
eude1234	BREAST	v t
eude1234	EYE	v s t
eude1234	NEW	h b r
eude1234	LEAF	s g
eude1234	WALK	v c n
eude1234	DRINK	h h
eude1234	MOUTH	t n t
eude1234	BITE	n q n
eude1234	SAND	s t
eude1234	HAND	m m t
eude1234	LONG	t v
eude1234	YELLOW	s v
eude1234	BARK	b g t
eude1234	EAR	n k t
eude1234	WE	t m d
eude1234	LIE (REST)	v
eude1234	SLEEP	ts t z n
eude1234	DOG	tʃ t z
eude1234	KNEE	t n t
eude1234	FEATHER	h n s
eude1234	I	n
eude1234	ONE	s
eude1234	WOMAN	h k s
eude1234	EGG	c v r
eude1234	CLOUD	m s t
eude1234	MOON	m t z t
eude1234	ROUND	ts p r s
eude1234	ALL	w n
eude1234	BITE	q n
eude1234	TAIL	b s t
eude1234	MOUNTAIN	ts v t
eude1234	GIVE	m c n
eude1234	NIGHT	tʃ r
eude1234	RED	s k
eude1234	PERSON	d m
eude1234	BELLY	b
eude1234	BLACK	s v
eude1234	SEED	s v t z
eude1234	ROUND	t c r s
eude1234	HEAD	z n t
eude1234	WALK	d n
eude1234	SEE	v t z n
eude1234	DRINK	h n
eude1234	SMALL	tʃ p
eude1234	TWO	g d m
eude1234	FAT (ORGANIC SUBSTANCE)	t s p g
eude1234	STAR	s b r
eude1234	BIG	h
eude1234	BONE	h g
eude1234	NAME	t g t
eude1234	WATER	b t
eude1234	WHAT	h
eude1234	MAN	d r
eude1234	COLD	t n
eude1234	MAN	d d r t
eude1234	HEART	h b s
eude1234	HEAR	q n
eude1234	GOOD	d n
eude1234	BELLY	s g t
eude1234	LIVER	h m t
eude1234	WATER	b
eude1234	DRINK	h
eude1234	ROUND	b l
eude1234	FLY (MOVE THROUGH AIR)	m n
eude1234	ALL	h n
eude1234	HAIR	m
eude1234	BELLY	p n z
eude1234	HORN (ANATOMY)	h s g w
eude1234	TOOTH	t m t
eude1234	GREEN	s d
eude1234	SMOKE (EXHAUST)	m r g
eude1234	SAY	g n
eude1234	STONE	t t
eude1234	THIS	n
eude1234	FOOT	t r
eude1234	SAND	s
eude1234	THAT	 + r
eude1234	THAT	 + r
eude1234	SKIN	b g t
eude1234	CLAW	s t t
eude1234	MAN	d r
eude1234	THOU	m
eude1234	FISH	ts tʃ t
eude1234	RED	v s
eude1234	KNOW (SOMETHING)	d d c n
eude1234	EAT	b
eude1234	TWO	g ts
eude1234	LOUSE	v t z
tong1329	WHAT	h t
tong1329	MAN	v r t
tong1329	BREAST	p n
tong1329	FIRE	ʈʂ v t
tong1329	COLD	ʂ v ʔ
tong1329	HEAD	p w n
tong1329	NEW	m t
tong1329	GREEN	t k p ʔ
tong1329	EYE	c c n
tong1329	LIE (REST)	k
tong1329	FISH	k r
tong1329	WOMAN	t k r
tong1329	SMOKE (EXHAUST)	ʈʂ n
tong1329	SLEEP	j t m k + 
tong1329	ROUND	t r r k w ʔ
tong1329	NOSE	m p n
tong1329	HEAR	n x kʷ
tong1329	ALL	w ʔ x
tong1329	LOUSE	r
tong1329	BIRD	tʃ ʔ
tong1329	KNOW (SOMETHING)	h j n
tong1329	WE	j m
tong1329	TONGUE	n ŋ n
tong1329	ASH	k ʃ ʃ
tong1329	SEE	h t
tong1329	ROOT	w w n
tong1329	FULL	p n
tong1329	SAND	p r
tong1329	MANY	j h n
tong1329	DIE	m j k
tong1329	NIGHT	j k
tong1329	SKIN	x x ts
tong1329	SAY	p r
tong1329	DRY	h k n
tong1329	BLACK	j p x ʔ
tong1329	FEATHER	m s n
tong1329	BLACK	j p x ʔ
tong1329	EAT	kʷ + 
tong1329	TOOTH	t t m
tong1329	FAT (ORGANIC SUBSTANCE)	w t
tong1329	CLOUD	kʷ k n
tong1329	BELLY	x n n
tong1329	TREE	t v r
tong1329	LONG	k h ʔ
tong1329	EGG	x x n
tong1329	NECK	ŋ ŋ
tong1329	GIVE	
tong1329	HORN (ANATOMY)	ʔ ʔ n
tong1329	STONE	t t
tong1329	DRINK	p + 
tong1329	COME	k m
tong1329	THAT	p ʔ
tong1329	RED	kʷ h x
tong1329	BONE	ʔ ʔ n
tong1329	YELLOW	p j w t
tong1329	EARTH (SOIL)	x r
tong1329	NAME	t nʲ n
tong1329	BLOOD	x n
tong1329	TOOTH	t m n
tong1329	HAND	m n
tong1329	I	n m ʔ
tong1329	GOOD	t h v k
tong1329	DOG	w ʃ
tong1329	EYE	ts t r n
tong1329	HAIR	p w n
tong1329	STAR	ʃ ʃ j t
tong1329	PERSON	t r x t
tong1329	EGG	x x n
tong1329	THIS	m n
tong1329	HEART	ʂ n
tong1329	BARK	x x ts
tong1329	THOU	m ʔ
tong1329	KNEE	t n g + n
tong1329	STONE	t t
tong1329	EAR	n n x
tong1329	MOUNTAIN	x
tong1329	SEE	h t + 
tong1329	I	n
tong1329	EARTH (SOIL)	x r
tong1329	MOUTH	t ŋ n
tong1329	WHO	h k
tong1329	SMALL	n s
tong1329	EARTH (SOIL)	t v r
tong1329	KILL	m k + 
tong1329	MOON	m r
tong1329	BELLY	x n n
tong1329	FOOT	n v
tong1329	SMOKE (EXHAUST)	m t
tong1329	SEED	p ʈʂ n
tong1329	CLAW	tʃ r
tong1329	SAND	h t
tong1329	WATER	p r
tong1329	ONE	p k
tong1329	WALK	n ŋ n
tong1329	SKIN	x x ʈʂ
tong1329	SAND	h t
tong1329	SUN	t m + t
tong1329	WHITE	r w t
tong1329	MOON	m r
tong1329	CLAW	s tʃ t
tong1329	BIG	j tʃ
tong1329	TWO	w h
huar1255	SKIN	w ʔ c
huar1255	FOOT	t n
huar1255	SWIM	k ʔ k + n
huar1255	BONE	ʔ
huar1255	BITE	k ʔ c
huar1255	SAY	ts
huar1255	NIGHT	t g
huar1255	EAR	n h k
huar1255	KILL	m ʔ
huar1255	ONE	p r
huar1255	SLEEP	k c
huar1255	BIRD	ts ʔ r k
huar1255	LONG	t h p k m
huar1255	WHAT	h t
huar1255	TWO	w k
huar1255	WHO	b
huar1255	SMOKE (EXHAUST)	m r w
huar1255	SAY	ts
huar1255	NOSE	j h k
huar1255	SUN	t h n r
huar1255	BLACK	h c n + m
huar1255	EARTH (SOIL)	w ʔ
huar1255	HEAR	k p
huar1255	FULL	h c r w + m
huar1255	NECK	k h t m
huar1255	MANY	w k
huar1255	YELLOW	s ʔ w t + m
huar1255	HORN (ANATOMY)	w
huar1255	SEE	n ʔ n
huar1255	LIE (REST)	p ʔ
huar1255	GREEN	s n + m
huar1255	FISH	s ʔ c
huar1255	DIE	m g
huar1255	CLOUD	t m r
huar1255	EAT	k ʔ
huar1255	THOU	m
huar1255	MOUTH	ts ʔ
huar1255	DRY	w g
huar1255	BARK	k h
huar1255	EYE	p s
huar1255	HAND	s k
huar1255	DOG	ts h c r
huar1255	SEED	p h c
huar1255	KILL	m ʔ r
huar1255	FAT (ORGANIC SUBSTANCE)	w ʔ
huar1255	WALK	
huar1255	NEW	k w r m
huar1255	LEAF	s w
huar1255	NAME	t w
huar1255	MOUNTAIN	k w
huar1255	BELLY	t h p
huar1255	MOON	m c
huar1255	STAR	s ʔ p r
huar1255	STONE	t h t
huar1255	ROUND	k h p l
huar1255	KNEE	ts h k p
huar1255	GOOD	k w r m
huar1255	WHITE	t s n + m
huar1255	BREAST	p ʔ w
huar1255	FLY (MOVE THROUGH AIR)	n ʔ n
huar1255	TONGUE	j n
huar1255	WATER	p ʔ w
huar1255	PERSON	h p k r m
huar1255	SMALL	n ʔ t
huar1255	EGG	k ʔ w
huar1255	LOUSE	h t
huar1255	TREE	k ʔ
huar1255	SAND	s t
huar1255	THAT	p
huar1255	FEATHER	m ʔ s
huar1255	TAIL	w h s
huar1255	LIVER	m
huar1255	DRINK	h
huar1255	BIG	w r m
huar1255	MAN	t h
huar1255	HEAD	m ʔ
huar1255	COLD	t l
huar1255	ASH	n h p s
huar1255	WOMAN	r m
huar1255	TOOTH	t m
huar1255	THIS	h
huar1255	WE	r m
huar1255	COME	n
huar1255	HEART	s l
huar1255	FIRE	n ʔ
huar1255	I	n
huar1255	CLAW	s h t
huar1255	RED	s h t n + m
huar1255	GIVE	k ʔ
huar1255	BLOOD	l
huar1255	ROOT	n w
huar1255	HAIR	k p
huar1255	ALL	j m
huar1255	KNOW (SOMETHING)	m c
huar1255	GIVE	k ʔ
hopi1249	TAIL	s r
hopi1249	WHAT	h t
hopi1249	MAN	t q
hopi1249	GIVE	m q
hopi1249	STAR	s h
hopi1249	FLY (MOVE THROUGH AIR)	p j l t
hopi1249	TREE	ts k
hopi1249	WATER	p h
hopi1249	WALK	w n m
hopi1249	FIRE	w ŋ w
hopi1249	GOOD	h p
hopi1249	CLAW	s k
hopi1249	MANY	k s t
hopi1249	NIGHT	m h k p
hopi1249	FEATHER	n kʷ
hopi1249	KNOW (SOMETHING)	n v t
hopi1249	LONG	w p
hopi1249	MOON	m j w
hopi1249	NIGHT	m h
hopi1249	ROOT	ŋ ʔ t
hopi1249	ASH	q c v
hopi1249	BLACK	q m v w s ʔ
hopi1249	NAME	t ŋ w n
hopi1249	THAT	p m
hopi1249	WOMAN	w t
hopi1249	SUN	t w
hopi1249	SAY	k + t
hopi1249	TWO	l m
hopi1249	BELLY	p n
hopi1249	FAT (ORGANIC SUBSTANCE)	w h
hopi1249	DOG	p k
hopi1249	THOU	m
hopi1249	GREEN	s kʷ
hopi1249	ROUND	p l ŋ p
hopi1249	GREEN	s kʷ
hopi1249	EAR	n q v
hopi1249	HORN (ANATOMY)	l
hopi1249	HEAD	q t
hopi1249	BLOOD	ŋ w
hopi1249	ONE	s k
hopi1249	NOSE	j q
hopi1249	FULL	p k w + t
hopi1249	THIS	ʔ
hopi1249	YELLOW	s k ŋ p
hopi1249	COLD	s s ŋ w
hopi1249	EYE	p s
hopi1249	KNEE	t m
hopi1249	DRINK	h k
hopi1249	TONGUE	l ŋ
hopi1249	EAT	s w
hopi1249	LEAF	n p
hopi1249	DRY	l q
hopi1249	BIRD	ts r
hopi1249	WE	t m
hopi1249	EARTH (SOIL)	t c kʷ
hopi1249	SWIM	m m r t m
hopi1249	NEW	p h
hopi1249	MOUNTAIN	t kʷ
hopi1249	KILL	n n
hopi1249	BIG	w j q
hopi1249	ALL	s s j m
hopi1249	TOOTH	t m
hopi1249	STONE	
hopi1249	FISH	p k w
hopi1249	WHAT	h m
hopi1249	BONE	q
hopi1249	SLEEP	p w
hopi1249	SMOKE (EXHAUST)	kʷ c ŋ w
hopi1249	LOUSE	t
hopi1249	LIE (REST)	w ʔ k w + t
hopi1249	FLY (MOVE THROUGH AIR)	m s
hopi1249	DIE	m k
hopi1249	WHITE	q c w s ʔ
hopi1249	FOOT	k k
hopi1249	BREAST	p h
hopi1249	ALL	s s j
hopi1249	SKIN	ts p
hopi1249	SMALL	ts k
hopi1249	HEART	n ŋ w
hopi1249	LIVER	n m
hopi1249	EGG	n h
hopi1249	PERSON	s n
hopi1249	SEE	j r
hopi1249	SAND	t w
hopi1249	BITE	k k
hopi1249	SEED	p s
hopi1249	I	n ʔ
hopi1249	RED	p l
hopi1249	BARK	ts p
hopi1249	WHO	h k
hopi1249	MOUTH	m ʔ
hopi1249	HAIR	h m
hopi1249	MOUNTAIN	t w
hopi1249	CLOUD	m w
hopi1249	NECK	kʷ p
hopi1249	HAND	m ʔ
hopi1249	COME	p w ʔ
hopi1249	HEAR	n v t
huic1243	STONE	t t
huic1243	HAND	m m
huic1243	TONGUE	t n
huic1243	GIVE	p t
huic1243	BIRD	w k
huic1243	EAT	k m
huic1243	EAR	n k
huic1243	TAIL	kʷ r
huic1243	THIS	k
huic1243	KNEE	t n
huic1243	FEATHER	n
huic1243	SMOKE (EXHAUST)	k
huic1243	COME	n
huic1243	HAIR	k p
huic1243	BLOOD	z r j
huic1243	EARTH (SOIL)	kʷ
huic1243	YELLOW	t r j
huic1243	GREEN	c + r + j
huic1243	MOUTH	t n
huic1243	BONE	m
huic1243	THOU	k
huic1243	DRINK	
huic1243	SLEEP	k c
huic1243	SAY	h
huic1243	DRY	w k
huic1243	KNOW (SOMETHING)	m t
huic1243	LIE (REST)	k
huic1243	DOG	ts k
huic1243	KNEE	w t
huic1243	DRINK	h r
huic1243	SEED	m r
huic1243	COLD	h t + z
huic1243	NOSE	ts r
huic1243	DRINK	j
huic1243	NAME	t w
huic1243	SAND	z k r
huic1243	LONG	t w
huic1243	SMOKE (EXHAUST)	k c
huic1243	DRINK	h r
huic1243	ONE	z w
huic1243	CLAW	z t
huic1243	ALL	j n t
huic1243	HEART	j r
huic1243	RED	r t
huic1243	CLAW	z t
huic1243	BLACK	p + j w
huic1243	HEAD	m ʔ
huic1243	SKIN	n w
huic1243	CLOUD	h + w + t + r
huic1243	WATER	h
huic1243	SMALL	tʃ p
huic1243	I	n
huic1243	WHO	q
huic1243	SKIN	w
huic1243	SMOKE (EXHAUST)	kʷ n
huic1243	FEATHER	n
huic1243	WALK	w
huic1243	HEAR	n
huic1243	WHO	t t
huic1243	FOOT	k t
huic1243	DIE	m
huic1243	NECK	k t c
huic1243	BITE	k
huic1243	TREE	k j
huic1243	EAT	kʷ
huic1243	HEAR	n
huic1243	FAT (ORGANIC SUBSTANCE)	w j
huic1243	WHITE	t r + m
huic1243	LIE (REST)	h
huic1243	KNOW (SOMETHING)	m
huic1243	FIRE	t
huic1243	SWIM	h
huic1243	SWIM	h r k
huic1243	MOUNTAIN	j m r
huic1243	LIE (REST)	h
huic1243	SEE	z
huic1243	FLY (MOVE THROUGH AIR)	w
huic1243	MAN	k
huic1243	NIGHT	t k r k
huic1243	BELLY	h k
huic1243	BLACK	j w
huic1243	SMALL	p
huic1243	NEW	h kʷ
huic1243	ROOT	n n
huic1243	GOOD	r
huic1243	TOOTH	t m
huic1243	TWO	h t
huic1243	SUN	t
huic1243	WHITE	p + t + r
huic1243	WOMAN	k
huic1243	NECK	k p
huic1243	WALK	w
huic1243	EGG	t w r
huic1243	ALL	n t
huic1243	HORN (ANATOMY)	w + t
huic1243	BREAST	ts c
huic1243	SEED	h c
huic1243	WE	t m
huic1243	MOON	m c
huic1243	STAR	z r w
huic1243	GIVE	kʷ t
huic1243	PERSON	t t r
huic1243	SEE	n r
huic1243	BELLY	j m j
huic1243	ALL	n
huic1243	BIG	p n n
huic1243	MANY	kʷ n j
huic1243	BIRD	w
huic1243	SAND	z k r
huic1243	BIG	p p
huic1243	LOUSE	t c
huic1243	FISH	k c
huic1243	FOOT	k
huic1243	ASH	n r
huic1243	THAT	w
huic1243	BITE	k
huic1243	WHAT	h
huic1243	SMALL	tʃ m p
huic1243	KILL	m
huic1243	LIVER	n m
huic1243	GOOD	j r
huic1243	SAY	t
huic1243	KNOW (SOMETHING)	m
huic1243	LEAF	z m
huic1243	FEATHER	n
huic1243	EYE	h z
kara1289	HEAD	n + k
kara1289	SLEEP	n j n n
kara1289	DRINK	k n
kara1289	EGG	d h m
kara1289	FIRE	kʷ l s m
kara1289	LIE (REST)	w + k
kara1289	SEE	t c
kara1289	ROUND	l + k m
kara1289	KNOW (SOMETHING)	kʷ s
kara1289	SMOKE (EXHAUST)	n w n
kara1289	TONGUE	 + l n
kara1289	GIVE	b w s
kara1289	MAN	t c j
kara1289	GOOD	p l
kara1289	SAY	k p n
kara1289	TREE	kʷ n
kara1289	SMALL	kʷ n
kara1289	SKIN	k s l
kara1289	EAT	k n m s
kara1289	TOOTH	d l n k n
kara1289	KILL	h k
kara1289	BIG	k n n
kara1289	FISH	k l s
kara1289	WALK	j
kara1289	TWO	h k
kara1289	FISH	m
kara1289	BELLY	 + l k
kara1289	FIRE	h m h
kara1289	ASH	h n
kara1289	WALK	ʃ k
kara1289	MAN	c
kara1289	COLD	d l n
kara1289	TOOTH	
kara1289	HAIR	k + k
kara1289	MAN	h k s
kara1289	BIRD	k d n
kara1289	GOOD	k s t + b h
kara1289	BLACK	p l
kara1289	SUN	k l s
kara1289	LONG	w l
kara1289	WOMAN	c d
kara1289	FEATHER	h m d l k
kara1289	MOUTH	m + kʷ
kara1289	NOSE	m +  + l k
kara1289	MAN	j m w
kara1289	WATER	k l
kara1289	FIRE	kʷ t c
kara1289	SAND	k h n
kara1289	MOON	 + l
kara1289	ONE	n ts
kara1289	BLACK	m
kara1289	EYE	m + k s
kara1289	NECK	m + s b k
kara1289	RED	t m j k
kara1289	FOOT	h m
kara1289	COME	g s
kara1289	EARTH (SOIL)	k h m k m
kara1289	KNOW (SOMETHING)	k m n
kara1289	SUN	d w l
kara1289	DOG	k ts
kara1289	KNEE	n + k l s
kara1289	WHITE	p k
kara1289	WATER	k m k m
kara1289	BREAST	k n n
kara1289	HAND	l h m
kara1289	SLEEP	m̩
kara1289	FOOT	k k j
kawa1283	BELLY	s p v
kawa1283	SEE	p k
kawa1283	NAME	n j + v
kawa1283	WE	t m
kawa1283	ROUND	m d + ʔ n + d
kawa1283	BLOOD	p + p
kawa1283	WE	n m
kawa1283	BIRD	w z + k z
kawa1283	HEAR	n g
kawa1283	LOUSE	c + v
kawa1283	THOU	m m
kawa1283	DIE	ʔ n ʔ + kʷ
kawa1283	EAR	n g + v v
kawa1283	NIGHT	t g w
kawa1283	SKIN	s v ʔ
kawa1283	WOMAN	m m ʔ
kawa1283	TOOTH	t w + b
kawa1283	EGG	n p + v
kawa1283	WHO	h n
kawa1283	WE	t w
kawa1283	EYE	p ʔ + v
kawa1283	DRINK	h v
kawa1283	COME	p d
kawa1283	SMOKE (EXHAUST)	kʷ h + d
kawa1283	GREEN	p h + g d
kawa1283	TWO	w h
kawa1283	DOG	p g z
kawa1283	DIE	t p k + kʷ
kawa1283	WALK	p g
kawa1283	SAY	m
kawa1283	I	n ʔ
kawa1283	THAT	s m t
kawa1283	THAT	n
kawa1283	HAIR	ts p + v
kawa1283	ALL	m n j
kawa1283	WHAT	h n ʔ p
kawa1283	BITE	k ʔ
kawa1283	COLD	s t ʔ w d
kawa1283	FOOT	n b + v
kawa1283	FIRE	k n
kawa1283	DIE	j w ʔ + kʷ
kawa1283	PERSON	n w
kawa1283	THIS	n
kawa1283	RED	g
kawa1283	FEATHER	w ʃ ʔ + v
kawa1283	STAR	p c + v
kawa1283	BARK	s v
kawa1283	HORN (ANATOMY)	 + p
kawa1283	BREAST	p h + v
kawa1283	THIS	s ʔ t
kawa1283	FISH	p g + v
kawa1283	LONG	p ʔ t g r
kawa1283	CLOUD	k n + v
kawa1283	THAT	t
kawa1283	TAIL	k ʃ v
kawa1283	KILL	p k
kawa1283	ASH	k c + p
kawa1283	TAIL	kʷ s
kawa1283	THAT	s m n
kawa1283	EAT	k ʔ
kawa1283	SAND	ʃ hʷ + b
kawa1283	THIS	s ʔ n
kawa1283	NEW	v t
kawa1283	ROOT	t n
kawa1283	BONE	h + v
kawa1283	MANY	w
kawa1283	FULL	p n ʔ
kawa1283	THIS	t
kawa1283	GIVE	r
kawa1283	FAT (ORGANIC SUBSTANCE)	j h + v
kawa1283	STONE	t b + tʃ
kawa1283	SMALL	v ʔ p tʃ
kawa1283	WOMAN	m m ʔ
kawa1283	HAND	m ʔ + v
kawa1283	THAT	s ʔ t
kawa1283	SEED	p ʔ + v
kawa1283	TREE	w v
kawa1283	SUN	t v
kawa1283	MOON	m + z
kawa1283	GIVE	d
kawa1283	HEART	p h j + p
kawa1283	WATER	p ʔ
kawa1283	THOU	m
kawa1283	FLY (MOVE THROUGH AIR)	j z
kawa1283	LEAF	n g + v
kawa1283	YELLOW	h v + g d
kawa1283	GOOD	p ʃ
kawa1283	NECK	k r + v
kawa1283	TONGUE	g + b
kawa1283	SLEEP	p
kawa1283	MOUNTAIN	k + v
kawa1283	BIG	w k
kawa1283	NOSE	m v + t ʔ + v b
kawa1283	KNOW (SOMETHING)	p c
kawa1283	LIVER	n w + b
kawa1283	FULL	t b t
kawa1283	SEE	p n
kawa1283	MAN	t ʔ n p z
kawa1283	SWIM	p k n kʷ
kawa1283	HEAD	t c + v
kawa1283	BLACK	t h + kʷ d
kawa1283	DRY	t v s t d
kawa1283	ONE	s j
kawa1283	CLAW	t ʃ t ʔ + b
kawa1283	LIE (REST)	h v
kawa1283	WHO	h n
kawa1283	WHITE	s + g d
kawa1283	KNEE	t n + v
kawa1283	MOUTH	t b + v
kawa1283	EARTH (SOIL)	t b + tʃ
kawa1283	THAT	s ʔ n
kiow1266	WOMAN	m
kiow1266	BREAST	z p
kiow1266	FOOT	n s
kiow1266	RED	g l
kiow1266	NOSE	m kˀ n
kiow1266	FISH	p
kiow1266	KILL	d
kiow1266	COLD	kˀ
kiow1266	YELLOW	g tˀ + kˀ
kiow1266	BIRD	tˀ n
kiow1266	TONGUE	d n
kiow1266	BELLY	b t
kiow1266	ONE	p k
kiow1266	NECK	kˀ l
kiow1266	SAY	t
kiow1266	BIG	t
kiow1266	NAME	kʰ + g
kiow1266	TAIL	tʰ n
kiow1266	PERSON	kˀ j k m
kiow1266	ROOT	kˀ tˀ n
kiow1266	STONE	ts
kiow1266	SAND	p
kiow1266	LIVER	tˀ l
kiow1266	SLEEP	d
kiow1266	MAN	kˀ j
kiow1266	NIGHT	g
kiow1266	MOUTH	s l
kiow1266	BARK	kʰ
kiow1266	WHITE	tˀ
kiow1266	EARTH (SOIL)	d m
kiow1266	WALK	h
kiow1266	DIE	h
kiow1266	WATER	tʰ
kiow1266	HAIR	l
kiow1266	BLOOD	 + m
kiow1266	LEAF	 + d + g
kiow1266	HORN (ANATOMY)	g d
kiow1266	SMOKE (EXHAUST)	h b
kiow1266	SKIN	kʰ
kiow1266	FEATHER	
kiow1266	SMALL	tʰ n
kiow1266	BIG	b n
kiow1266	LONG	k n
kiow1266	SUN	p
kiow1266	LIE (REST)	kˀ tʃˀ
kiow1266	HAND	m n
kiow1266	STAR	t
kiow1266	DRY	tʰ p
kiow1266	BLACK	kʰ
kiow1266	LONG	k j
kiow1266	FLY (MOVE THROUGH AIR)	pʰ + h
kiow1266	TOOTH	z
kiow1266	COME	
kiow1266	FIRE	pʰ
kiow1266	HEAD	l tʰ
kiow1266	BITE	kˀ l
kiow1266	ROUND	b
kiow1266	KNOW (SOMETHING)	h g j
kiow1266	HEAR	tˀ
kiow1266	ASH	s pʰ n
kiow1266	FAT (ORGANIC SUBSTANCE)	kˀ g j
kiow1266	CLAW	m n tsˀ
kiow1266	TWO	j
kiow1266	EAR	tˀ d
kiow1266	DRINK	tʰ
kiow1266	EAT	p
kiow1266	MOUNTAIN	kˀ p
kiow1266	GOOD	
kiow1266	BONE	tʰ s
kiow1266	NEW	s t + d
kiow1266	CLOUD	pʰ + n
kiow1266	EGG	tˀ
kiow1266	MANY	
kiow1266	DOG	ts g n
kiow1266	GREEN	tˀ d + s j
kiow1266	LIE (REST)	kˀ l
kiow1266	HEART	tʰ n
kiow1266	TREE	
kiow1266	LOUSE	pʰ
kiow1266	SEE	b
kiow1266	GIVE	m g
kiow1266	KNEE	tˀ l b
kiow1266	EYE	t
kiow1266	SEED	
kiow1266	MOON	pˀ h
kita1252	NECK	n g h ts
kita1252	BLACK	j ʔ v ʔ k
kita1252	CLAW	w ts
kita1252	SKIN	k c
kita1252	KILL	m k
kita1252	DRY	w h k
kita1252	DOG	ʔ tʃ t
kita1252	KNEE	t m + ts
kita1252	DRINK	p ʔ
kita1252	SEE	h
kita1252	DIE	m k
kita1252	GIVE	m k
kita1252	FIRE	k t
kita1252	EAT	k ʔ
kita1252	PERSON	k k ʔ
kita1252	FEATHER	p h ts
kita1252	PERSON	t k t
kita1252	LEAF	k v ts
kita1252	HAIR	ʃ h ts
kita1252	KNOW (SOMETHING)	ʔ n
kita1252	I	n ʔ
kita1252	BLOOD	ʔ tʃ
kita1252	SEED	p ts
kita1252	FISH	k h tʃ
kita1252	LOUSE	ʃ v c c ts
kita1252	KILL	k n
kita1252	MOON	m j tʃ
kita1252	LONG	m t ʔ ʔ
kita1252	NEW	ʔ m j t
kita1252	EARTH (SOIL)	t v tʃ
kita1252	HAIR	p h ts
kita1252	THAT	m ʔ
kita1252	CLOUD	w n g t
kita1252	THOU	m ʔ
kita1252	NECK	m h ts
kita1252	RED	kʷ ʃ p k
kita1252	BELLY	t ʔ tʃ
kita1252	NAME	t w
kita1252	EAR	k v ts
kita1252	BREAST	p ʔ ts
kita1252	WATER	p tʃ
kita1252	GOOD	n m tʃ
kita1252	BITE	k ʔ
kita1252	EGG	p n
kita1252	THAT	p t ʔ
kita1252	TREE	k tʃ t
kita1252	LIE (REST)	kʷ ʔ k
kita1252	FLY (MOVE THROUGH AIR)	j ʔ
kita1252	ALL	p j
kita1252	DOG	k c ʔ
kita1252	HAIR	k p ts
kita1252	TOOTH	t m ts
kita1252	COME	k m
kita1252	HEAD	p ʃ tʃ
kita1252	BIRD	m h ts
kita1252	STONE	t m t
kita1252	WHAT	h t
kita1252	LIVER	n m ts
kita1252	MOUTH	ʃ tʃ tʃ
kita1252	BARK	k c
kita1252	WOMAN	kʷ h k
kita1252	WALK	t h k
kita1252	FOOT	ts k ts
kita1252	KNEE	t m + ts
kita1252	NIGHT	t k
kita1252	SAY	h k
kita1252	WE	ts m
kita1252	SAND	j r m tʃ
kita1252	BIG	ʔ tʲ ʔ
kita1252	BONE	ʔ ts
kita1252	HORN (ANATOMY)	ʔ + ts
kita1252	MAN	p tʃ k
kita1252	DIE	n p k
kita1252	ONE	h w k p
kita1252	WHITE	ʔ j k
kita1252	HAND	m + ts
kita1252	STAR	h ʔ tʃ
kita1252	SMALL	ʔ n ʔ s ʔ
kita1252	TONGUE	n n g tʃ
kita1252	ROOT	ʃ tʃ
kita1252	WALK	n m
kita1252	ROOT	n g k w
kita1252	ASH	k k t
kita1252	SKIN	t k
kita1252	WHO	h m
kita1252	GREEN	r ʔ p k
kita1252	ROUND	p r p k
kita1252	BLACK	m n ʃ m ʔ
kita1252	LOUSE	ʔ tʃ m tʃ
kita1252	SWIM	p β ts j ʔ ʔ
kita1252	FAT (ORGANIC SUBSTANCE)	w p t
kita1252	SUN	t m t
kita1252	SAND	ʔ k tʃ
kita1252	BIRD	w c t t
kita1252	FULL	p t k
kita1252	TAIL	kʷ c t ts
kita1252	MANY	w r
kita1252	EYE	v ʔ
kita1252	HEART	h n + ts
kita1252	TWO	w h
kita1252	SMOKE (EXHAUST)	m w ʔ t
kita1252	FEATHER	m h ts
kita1252	WE	ts ts
kita1252	NOSE	m k p ts
kita1252	HEAR	m tʃ
kita1252	BELLY	h n ts
kita1252	YELLOW	ʔ m r j ʔ
kita1252	COLD	ʃ v t
kita1252	EAT	kʷ ʔ
kita1252	MOUNTAIN	k j ts
kita1252	THIS	β ʔ
kita1252	SLEEP	k m
luis1253	SEE	t w
luis1253	CLOUD	t v +  + ʃ
luis1253	LIVER	n m
luis1253	TREE	k l + w + t
luis1253	STAR	ʂ ʔ + l
luis1253	COLD	p t + p t + ʃ
luis1253	BLACK	j v + t
luis1253	BIRD	h ŋ + m + l
luis1253	TAIL	p q w s v
luis1253	SAY	h h j
luis1253	KILL	m k n
luis1253	EAT	n tʃ x n
luis1253	SAND	x v + l
luis1253	DOG	w + l
luis1253	ASH	t l ŋ + ʃ
luis1253	EARTH (SOIL)	x + l
luis1253	WATER	p w
luis1253	BONE	k l w + t
luis1253	GOOD	l v
luis1253	NIGHT	t k + m + t
luis1253	NAME	t ŋ + l
luis1253	SEE	t w
luis1253	MAN	j ʔ + ʃ
luis1253	MOUNTAIN	q w + tʃ
luis1253	HEAD	j + l
luis1253	FOOT	 + t
luis1253	KNEE	q x + m
luis1253	ONE	s p l
luis1253	ROUND	p v
luis1253	ROOT	kʷ n m + ʃ
luis1253	LEAF	p v l + ʃ
luis1253	BARK	t tʃ
luis1253	PERSON	 + t x
luis1253	BELLY	t ʔ + l
luis1253	WE	ts m ʔ
luis1253	SKIN	t v + ʃ
luis1253	WE	ts ʔ m
luis1253	EAR	n q + l
luis1253	DRY	 + w x + v
luis1253	WHAT	h ʃ
luis1253	GREEN	k n + k n + ʃ
luis1253	WHAT	h ts
luis1253	WE	ts ʔ m
luis1253	NECK	q l + t
luis1253	FULL	m j
luis1253	TONGUE	w j
luis1253	HEAR	n q m
luis1253	STONE	t + t
luis1253	HAIR	j + l
luis1253	FEATHER	h m s t
luis1253	I	n
luis1253	DRINK	p ʔ
luis1253	SWIM	w j
luis1253	THOU	m
luis1253	MANY	h h
luis1253	LONG	t v + l v + ʃ
luis1253	WE	ts ʔ m
luis1253	SMOKE (EXHAUST)	k m + t
luis1253	THAT	n
luis1253	EYE	p ʃ + l
luis1253	SUN	t m + t
luis1253	YELLOW	ʂ + ʔ ʂ + ʃ
luis1253	CLAW	ʂ l + t
luis1253	FLY (MOVE THROUGH AIR)	w l
luis1253	THIS	β ʔ
luis1253	WATER	p + l
luis1253	HORN (ANATOMY)	ʔ w
luis1253	MOON	m + l
luis1253	BREAST	p + t
luis1253	EGG	p n + l
luis1253	DIE	m k n
luis1253	HAND	m + t
luis1253	NOSE	m v + l
luis1253	WALK	w k l
luis1253	FISH	n + m + l
luis1253	LIE (REST)	w w
luis1253	SLEEP	k p
luis1253	KNOW (SOMETHING)	ʔ n
luis1253	WOMAN	ʂ ŋ + l
luis1253	HEART	ʂ n + l
luis1253	LOUSE	l + t
luis1253	BLOOD	 + l
luis1253	RED	q w j + q w j + ʃ
luis1253	BITE	k ʔ
luis1253	FAT (ORGANIC SUBSTANCE)	w ʔ
luis1253	KNOW (SOMETHING)	n + n
luis1253	ALL	tʃ ʔ n
luis1253	WHO	h x
luis1253	MOUTH	t m + t
luis1253	WHITE	x w
luis1253	NEW	p + t
luis1253	GIVE	v
luis1253	FIRE	k + t
luis1253	COME	h q w tʃ
luis1253	BIG	j + t
luis1253	SEED	p ʃ + l
luis1253	TWO	w
luis1253	TOOTH	t m + t
luis1253	SMALL	l ʔ + m + l
mayo1264	THAT	h r
mayo1264	RED	s k l
mayo1264	WHO	h β s
mayo1264	TWO	w j
mayo1264	ROUND	l b
mayo1264	ALL	ts k t
mayo1264	STONE	t t
mayo1264	ROOT	n w
mayo1264	BIG	b w ʔ r
mayo1264	SMALL	l tʃ
mayo1264	BONE	t
mayo1264	SAY	h w
mayo1264	WHAT	h t
mayo1264	TREE	k t
mayo1264	DIE	m k
mayo1264	DRY	w k
mayo1264	BARK	b w
mayo1264	EYE	p s m
mayo1264	DRINK	h ʔ + j
mayo1264	HAND	m m m
mayo1264	LIVER	h m m
mayo1264	GREEN	s l
mayo1264	DOG	tʃ ʔ
mayo1264	FISH	k tʃ
mayo1264	BELLY	t p
mayo1264	BIRD	w k t
mayo1264	WATER	b ʔ
mayo1264	WALK	w r m
mayo1264	SEE	b tʃ
mayo1264	KNOW (SOMETHING)	h ʔ n + j
mayo1264	I	n p
mayo1264	CLOUD	n m
mayo1264	MOON	m tʃ
mayo1264	NIGHT	t k r
mayo1264	FEATHER	m s
mayo1264	HORN (ANATOMY)	w + m
mayo1264	PERSON	j r m
mayo1264	TAIL	b w s
mayo1264	BREAST	p p m
mayo1264	WHAT	h t s
mayo1264	KNEE	t n m
mayo1264	SAND	s ʔ
mayo1264	ROUND	l b l
mayo1264	LEAF	s w
mayo1264	HEAD	k b
mayo1264	MANY	h w b n
mayo1264	FLY (MOVE THROUGH AIR)	n ʔ + j
mayo1264	LONG	t b
mayo1264	SLEEP	k tʃ
mayo1264	COME	ʔ b + w j
mayo1264	BIG	b w r
mayo1264	LIE (REST)	b ʔ k
mayo1264	ASH	n p s
mayo1264	NAME	t w m
mayo1264	BITE	k ʔ + j
mayo1264	YELLOW	s w l
mayo1264	YELLOW	s w r
mayo1264	THOU	m p
mayo1264	GOOD	t ʔ r
mayo1264	ONE	s n
mayo1264	WHO	h β
mayo1264	GIVE	m k
mayo1264	BLOOD	h b
mayo1264	SWIM	β h m
mayo1264	EAR	n k m
mayo1264	BLACK	tʃ k l
mayo1264	COLD	s b
mayo1264	TONGUE	n n
mayo1264	MAN	ʔ
mayo1264	FAT (ORGANIC SUBSTANCE)	m n t k
mayo1264	HEAR	h k h
mayo1264	THAT	h
mayo1264	EGG	k b
mayo1264	EAT	b w ʔ + j
mayo1264	FULL	t p n
mayo1264	SMOKE (EXHAUST)	b w c r
mayo1264	HAIR	tʃ n + m
mayo1264	CLAW	s t + k tʃ ʔ
mayo1264	HEART	s l
mayo1264	WOMAN	h m t
mayo1264	TOOTH	t m
mayo1264	FIRE	t h
mayo1264	WE	t p
mayo1264	SEED	b tʃ
mayo1264	MOUTH	t
mayo1264	SKIN	b w
mayo1264	THIS	ʔ
mayo1264	NECK	b ʔ
mayo1264	EARTH (SOIL)	b w j
mayo1264	NOSE	j k
mayo1264	WHITE	t s l
mayo1264	STAR	tʃ k
mayo1264	SUN	t ʔ
mayo1264	LOUSE	t n
mayo1264	NEW	b m l
mayo1264	KILL	m ʔ k
mayo1264	WALK	w j
mayo1264	FOOT	w k m
mayo1264	MOUNTAIN	k w
mono1275	BIG	p p
mono1275	TONGUE	q
mono1275	I	n
mono1275	LOUSE	p c p
mono1275	SAY	n
mono1275	HEAD	w
mono1275	EAT	t k
mono1275	WATER	p j
mono1275	MOUTH	t p
mono1275	BELLY	g h
mono1275	TOOTH	t w
mono1275	SKIN	s p ʔ
mono1275	BONE	h
mono1275	KILL	p ts
mono1275	BREAST	p c ʔ
mono1275	GOOD	ts w
mono1275	CLAW	s t
mono1275	COLD	c ʔ
mono1275	MOON	t m ʔ
mono1275	WHO	h gʱ
mono1275	THAT	
mono1275	ONE	s m
mono1275	THOU	h
mono1275	SEED	p s
mono1275	SAND	p s w
mono1275	HAND	m j
mono1275	WE	t
mono1275	WALK	n w
mono1275	SMALL	n + c ts ʔ
mono1275	DIE	t
mono1275	FULL	t j h
mono1275	FEATHER	q s
mono1275	FOOT	k k
mono1275	FLY (MOVE THROUGH AIR)	j ts
mono1275	NEW	p t t + t + p
mono1275	STAR	t c n
mono1275	FIRE	q s
mono1275	THIS	h
mono1275	HEART	p w
mono1275	BLACK	t m
mono1275	HEAR	n q
mono1275	MOUNTAIN	t j
mono1275	NECK	k t
mono1275	DRY	p s + h k ʔ
mono1275	RED	q + p n
mono1275	HORN (ANATOMY)	w
mono1275	FAT (ORGANIC SUBSTANCE)	j h
mono1275	EAR	n q
mono1275	DOG	p k
mono1275	FISH	p k w
mono1275	ROUND	t p + p n
mono1275	WHAT	h
mono1275	PERSON	n m
mono1275	LIE (REST)	h p
mono1275	TREE	w n p + p
mono1275	ROOT	t t n
mono1275	MANY	w
mono1275	ASH	s j
mono1275	KNOW (SOMETHING)	s t p h
mono1275	SAY	n
mono1275	WOMAN	h p ʔ
mono1275	GREEN	p h + t w
mono1275	SLEEP	w
mono1275	GIVE	k j
mono1275	WHITE	t ts + p n
mono1275	TWO	w h
mono1275	EGG	n j
mono1275	LIVER	n m
mono1275	NIGHT	t q
mono1275	TAIL	q w c
mono1275	SMOKE (EXHAUST)	k k + k h
mono1275	BIRD	ts p ʔ
mono1275	YELLOW	h + p n
mono1275	BARK	w ʔ g p
mono1275	NOSE	m p
mono1275	SWIM	p h p
mono1275	BITE	k h + j
mono1275	DRINK	h p
mono1275	EARTH (SOIL)	t p
mono1275	MAN	n n
mono1275	ALL	n s m
mono1275	LONG	t
mono1275	HAIR	w
mono1275	LEAF	g s
mono1275	SUN	t p
mono1275	STONE	t p
mono1275	KNEE	t n + n p t
mono1275	EYE	p s
mono1275	NAME	n + n j + n
mono1275	COME	k m
mono1275	BLOOD	p
mono1275	CLOUD	t
mono1275	SEE	p n
nort2954	WALK	m ʔ
nort2954	WALK	m
nort2954	WOMAN	m k ʔ n
nort2954	GOOD	p s
nort2954	ROUND	p ts p n ʔ
nort2954	HEAD	w
nort2954	EYE	p
nort2954	THAT	k
nort2954	SLEEP	w
nort2954	SWIM	p h p
nort2954	BLOOD	p p
nort2954	KNOW (SOMETHING)	t
nort2954	DRY	p s
nort2954	LOUSE	p s ʔ p
nort2954	STONE	t p
nort2954	SAY	n k w
nort2954	FLY (MOVE THROUGH AIR)	j ts
nort2954	SEE	p n
nort2954	LOUSE	p s ʔ
nort2954	YELLOW	h
nort2954	HAIR	ts p h
nort2954	STAR	p t s p ʔ
nort2954	BIG	p p
nort2954	BIRD	h c p
nort2954	TONGUE	k
nort2954	KNOW (SOMETHING)	p p t k w t
nort2954	COLD	c ts
nort2954	WHO	h k
nort2954	EARTH (SOIL)	t p
nort2954	MAN	n n
nort2954	DOG	s t ʔ
nort2954	TAIL	kʷ s
nort2954	DRINK	h p
nort2954	WATER	p
nort2954	DIE	j ʔ
nort2954	BITE	k ʔ
nort2954	EAT	t k
nort2954	BREAST	p c
nort2954	TWO	w h
nort2954	KNEE	m w
nort2954	EAR	n k
nort2954	HEAR	n k
nort2954	HEAR	n k
nort2954	WE	t m
nort2954	GIVE	k ʔ
nort2954	MOUTH	t p
nort2954	RED	ts
nort2954	GREEN	p h
nort2954	FIRE	k s
nort2954	FEATHER	p h
nort2954	SEE	p ʔ n
nort2954	ASH	k s
nort2954	NEW	p t
nort2954	SKIN	p h
nort2954	FULL	k n
nort2954	TREE	s ŋ p
nort2954	COME	k m
nort2954	WHAT	h
nort2954	LIE (REST)	h p
nort2954	THOU	
nort2954	DOG	s k p k
nort2954	BARK	p ʔ
nort2954	KILL	p ts
nort2954	FAT (ORGANIC SUBSTANCE)	j h
nort2954	EARTH (SOIL)	t p
nort2954	FLY (MOVE THROUGH AIR)	j ts
nort2954	SMOKE (EXHAUST)	kʷ
nort2954	NECK	p k k w
nort2954	THIS	s
nort2954	SUN	t p
nort2954	BLACK	t
nort2954	NAME	n n n
nort2954	MOUNTAIN	k p
nort2954	BONE	h
nort2954	LEAF	n k p
nort2954	TOOTH	t m
nort2954	DIE	j
nort2954	SLEEP	w
nort2954	GOOD	p s
nort2954	DRINK	h p
nort2954	KILL	p ts
nort2954	SMALL	t c
nort2954	CLAW	s + s t
nort2954	LONG	t
nort2954	DOG	s k p k
nort2954	NIGHT	t k
nort2954	I	n
nort2954	HORN (ANATOMY)	
nort2954	CLOUD	k m
nort2954	THIS	k
nort2954	ROUND	p ts p n ʔ
nort2954	BREAST	p c ʔ
nort2954	BITE	k
nort2954	FEATHER	k s
nort2954	GIVE	k
nort2954	ASH	k t s p
nort2954	ROOT	t n
nort2954	SEE	p n
nort2954	HAND	m
nort2954	LIE (REST)	h p
nort2954	WHITE	t h
nort2954	LONG	t
nort2954	SAND	p s w p
nort2954	MOON	m h
nort2954	EGG	n h
nort2954	EAT	t k
nort2954	BELLY	s
nort2954	FISH	p k w
nort2954	NIGHT	t k
nort2954	ONE	s m
nort2954	FULL	k n
nort2954	NECK	k t
nort2954	SEED	p
nort2954	ALL	n ʔ j
nort2954	BELLY	k h
nort2954	THAT	s
nort2954	MANY	w
nort2954	SAY	n ʔ w
nort2954	PERSON	n m
nort2954	FOOT	k k
nort2954	NOSE	m p
nort2954	LIVER	n m
nort2954	HEART	p w
nort2959	GREEN	t d g
nort2959	I	n
nort2959	WALK	j m r
nort2959	BLACK	t c
nort2959	BITE	ts j n t
nort2959	DIE	m n t
nort2959	MANY	m
nort2959	COME	d d v
nort2959	WOMAN	b
nort2959	NOSE	d k
nort2959	WE	t
nort2959	MOUNTAIN	ts b l c
nort2959	DRINK	b
nort2959	BONE	
nort2959	BLACK	t c
nort2959	KILL	m m
nort2959	THAT	g
nort2959	NEW	b t d
nort2959	HEAR	ts m
nort2959	LIVER	n m d
nort2959	ONE	h m
nort2959	EARTH (SOIL)	d b r
nort2959	EAR	t c d r g
nort2959	BIG	g
nort2959	SEED	s q
nort2959	SEE	n n d
nort2959	BLOOD	v r
nort2959	TAIL	b d
nort2959	GOOD	b g
nort2959	NAME	t t g r g
nort2959	TONGUE	n n
nort2959	FEATHER	n
nort2959	FISH	v t p
nort2959	HAND	n v
nort2959	WHO	v r
nort2959	CLOUD	j c m
nort2959	BITE	ts j
nort2959	BARK	h l d g
nort2959	CLAW	j t d
nort2959	BELLY	v c
nort2959	STAR	j j p
nort2959	LONG	ts v d j
nort2959	THIS	j
nort2959	ROOT	t c
nort2959	YELLOW	m
nort2959	PERSON	d m
nort2959	ASH	m t
nort2959	SUN	t n l
nort2959	HEAD	m m
nort2959	DIE	m m k
nort2959	FIRE	t + 
nort2959	MOON	m s
nort2959	LONG	t b d
nort2959	EGG	n n
nort2959	BREAST	v p
nort2959	LEAF	j g
nort2959	HAIR	ts p
nort2959	SAND	
nort2959	FOOT	t r
nort2959	KNOW (SOMETHING)	m t
nort2959	TREE	s t
nort2959	SUN	t s
nort2959	ALL	β ʃ
nort2959	SMOKE (EXHAUST)	ts b s c
nort2959	TWO	g c
nort2959	KNEE	t n
nort2959	SEE	n n t
nort2959	FLY (MOVE THROUGH AIR)	d n t
nort2959	MAN	t d
nort2959	BIRD	r g
nort2959	SMALL	r l
nort2959	GIVE	m x n
nort2959	MOON	m s d g
nort2959	FAT (ORGANIC SUBSTANCE)	g
nort2959	LOUSE	t
nort2959	WATER	z d g
nort2959	WHAT	t m
nort2959	FIRE	t
nort2959	SAY	g
nort2959	DOG	g g s c
nort2959	EAT	n n + c
nort2959	WHITE	t x
nort2959	BITE	ts + 
nort2959	HEAD	m
nort2959	EYE	b
nort2959	HORN (ANATOMY)	g
nort2959	DRINK	j n t
nort2959	FLY (MOVE THROUGH AIR)	d
nort2959	SMALL	l
nort2959	COLD	j p d
nort2959	ROUND	ts b l c
nort2959	FULL	s d j m
nort2959	EAR	n k
nort2959	RED	m s m
nort2959	BLOOD	r
nort2959	STONE	j d
nort2959	NECK	ts s c v
nort2959	LIE (REST)	v p
nort2959	DRINK	t
nort2959	DRY	g q d d
nort2959	SAND	r
nort2959	NIGHT	t c g
nort2959	FISH	v t s
nort2959	BIRD	g
nort2959	SKIN	l d g
nort2959	THOU	p
nort2959	HEART	j r
nort2959	SLEEP	ts c s
nort2959	GIVE	m x
nort2959	MOUTH	t n
nort2959	SMALL	l
nort2959	TOOTH	t t m
nort2959	BIG	g
opat1246	THIS	t
opat1246	MANY	s r p q
opat1246	ONE	s
opat1246	SLEEP	ts t z
opat1246	FOOT	t r
opat1246	KNOW (SOMETHING)	h t
opat1246	KNOW (SOMETHING)	r
opat1246	ROUND	ts p r
opat1246	BARK	b w t
opat1246	SMOKE (EXHAUST)	m h
opat1246	WALK	ts d + d d
opat1246	MOUNTAIN	ts g
opat1246	SKIN	b w
opat1246	BONE	r m h d r
opat1246	KNOW (SOMETHING)	n n c r
opat1246	FIRE	tʰ
opat1246	RED	s t
opat1246	EYE	v b
opat1246	PERSON	r tʃ
opat1246	DIE	m ts
opat1246	EAR	n c
opat1246	WATER	v t
opat1246	BELLY	s g
opat1246	GREEN	s d
opat1246	KNOW (SOMETHING)	h t d
opat1246	LOUSE	t
opat1246	NIGHT	d ts
opat1246	WALK	ts d + k
opat1246	LIVER	ts h + h m
opat1246	SEED	v tʃ t
opat1246	FISH	ts tʃ
opat1246	THOU	m
opat1246	SAY	r
opat1246	NAME	t g
opat1246	DOG	tʃ t
opat1246	HAIR	m tʃ t
opat1246	LONG	g r
opat1246	BIRD	tʃ
opat1246	GIVE	m ts
opat1246	GOOD	n d n
opat1246	ROUND	ts p r
opat1246	SMOKE (EXHAUST)	p tʃ r
opat1246	BONE	g
opat1246	WALK	n n m
opat1246	CLAW	s t
opat1246	SEE	v t z
opat1246	KNOW (SOMETHING)	tʰ
opat1246	HEART	h d g
opat1246	TWO	g d
opat1246	WE	t m d
opat1246	CLAW	x t
opat1246	HAND	m m
opat1246	TONGUE	n n
opat1246	EARTH (SOIL)	t v t
opat1246	ROOT	n w
opat1246	THAT	v
opat1246	COME	v n
opat1246	HAIR	m
opat1246	TREE	ts h t
opat1246	GOOD	n n
opat1246	STAR	d r r
opat1246	HEAD	n + t z n + z
opat1246	LEAF	s w t
opat1246	EYE	b s
opat1246	NECK	ts t
opat1246	BIG	g
opat1246	MOON	m tʃ
opat1246	SUN	t t
opat1246	FAT (ORGANIC SUBSTANCE)	g d
opat1246	KNOW (SOMETHING)	g r
opat1246	WOMAN	q
opat1246	LIE (REST)	v
opat1246	WHITE	t s
opat1246	STONE	t t
opat1246	CLOUD	r r g
opat1246	KNEE	s v p
opat1246	BONE	r m g t z r
opat1246	HEAR	k
opat1246	YELLOW	s g
opat1246	ASH	n p t
opat1246	BLOOD	h r t
opat1246	NEW	v c t
opat1246	ALL	s
opat1246	SAY	t
opat1246	BITE	q q j
opat1246	KILL	m
opat1246	RED	s t
opat1246	MOON	g t
opat1246	BLACK	s v
opat1246	SAY	tʰ
opat1246	DRINK	h
opat1246	SMALL	b tʃ tʃ
opat1246	FEATHER	s t
opat1246	COLD	t
opat1246	FLY (MOVE THROUGH AIR)	n
opat1246	WHO	h w
opat1246	MAN	r
opat1246	EAT	g
opat1246	I	n
pana1305	BITE	k c + c ʔ
pana1305	I	n
pana1305	CLAW	m + s t
pana1305	GOOD	ts n + t n
pana1305	THAT	s t
pana1305	WOMAN	w ʔ p
pana1305	BIG	p
pana1305	MANY	s n + t n
pana1305	FIRE	k n
pana1305	WE	t m
pana1305	HORN (ANATOMY)	w
pana1305	EAR	n ŋ k
pana1305	FEATHER	k s
pana1305	ONE	s w
pana1305	DOG	s p n k
pana1305	EGG	n j
pana1305	SMOKE (EXHAUST)	k k w
pana1305	ASH	k ts p h
pana1305	SWIM	n k ts h
pana1305	RED	n k
pana1305	MOUNTAIN	t j + p n
pana1305	ONE	s m
pana1305	BELLY	p n
pana1305	PERSON	n m
pana1305	DRY	p s
pana1305	THIS	s t
pana1305	SLEEP	p
pana1305	BLACK	t p + p h t
pana1305	KNOW (SOMETHING)	s m p n
pana1305	EYE	p h
pana1305	I	n
pana1305	EARTH (SOIL)	s k + p
pana1305	LEAF	p s
pana1305	SKIN	p ʔ
pana1305	THOU	
pana1305	NIGHT	t kʷ n
pana1305	FAT (ORGANIC SUBSTANCE)	j h
pana1305	ALL	j n t s
pana1305	NAME	n t p n
pana1305	ALL	s m s
pana1305	BLOOD	p p + p n
pana1305	HAND	m ʔ
pana1305	FLY (MOVE THROUGH AIR)	j c
pana1305	NEW	k
pana1305	DIE	t
pana1305	STONE	t m p n
pana1305	KNEE	t ŋ + p h
pana1305	MAN	t ŋ w
pana1305	GIVE	t
pana1305	ALL	j n t
pana1305	WATER	p
pana1305	BIRD	k s k n t n
pana1305	SEED	p h
pana1305	FISH	p ŋ w
pana1305	HEART	p h w
pana1305	BARK	p ʔ
pana1305	MOUTH	t m p
pana1305	WALK	m ʔ
pana1305	TONGUE	k
pana1305	MOON	m
pana1305	THAT	s
pana1305	KILL	p k
pana1305	HEAR	n n k
pana1305	SUN	t p
pana1305	SAND	p s ŋ w m + p h
pana1305	COME	k m
pana1305	TREE	s ŋ + p
pana1305	TAIL	kʷ s
pana1305	THIS	s
pana1305	WHITE	t s + p h t
pana1305	SAND	k ts p h
pana1305	STAR	t ts m + p
pana1305	WHO	h k
pana1305	TWO	w h
pana1305	BREAST	p c
pana1305	CLOUD	p k n + p h
pana1305	NECK	k t
pana1305	THOU	m
pana1305	DRINK	h p
pana1305	COLD	c
pana1305	TOOTH	t m
pana1305	NOSE	m p n
pana1305	FULL	t p + k
pana1305	ROUND	m n + k n t n
pana1305	LONG	k p
pana1305	DOG	s
pana1305	HAIR	p m p p h
pana1305	ROOT	t t n
pana1305	SEE	p
pana1305	EAT	t k
pana1305	YELLOW	
pana1305	WHAT	h
pana1305	SAY	j kʷ
pana1305	LOUSE	p s + ts h
pana1305	LIVER	n m
pana1305	FOOT	n m p
pana1305	SMALL	t
pana1305	WHO	h k t n
pana1305	BONE	ts h m
pana1305	ALL	w m
pana1305	GREEN	s kʷ
pana1305	LIE (REST)	h p
pana1305	HEAD	p m p n
toho1245	NIGHT	tʃ h g
toho1245	THOU	p ʔ
toho1245	THAT	h g ʔ
toho1245	SMALL	tʃ m tʃ
toho1245	FISH	w t p
toho1245	SKIN	l d g
toho1245	MOUNTAIN	d ʔ g
toho1245	MAN	tʃ j
toho1245	LOUSE	ʔ tʃ
toho1245	NECK	k s w
toho1245	GIVE	m k
toho1245	THOU	p
toho1245	STONE	h d
toho1245	MANY	m ʔ
toho1245	PERSON	h m j k m
toho1245	I	ɲ
toho1245	SAND	ʔ ɖ
toho1245	COME	b + h m
toho1245	FAT (ORGANIC SUBSTANCE)	g g
toho1245	BLOOD	ʔ ɖ
toho1245	EAR	n k
toho1245	FOOT	t ɖ
toho1245	TAIL	b h
toho1245	SEED	k
toho1245	SLEEP	k ʂ
toho1245	THAT	h g ʔ
toho1245	HEART	b d g
toho1245	ROUND	l s
toho1245	BARK	l d g
toho1245	WATER	ʂ d g
toho1245	EYE	w h
toho1245	NAME	tʃ g g
toho1245	ALL	w s
toho1245	LIVER	n m
toho1245	BIRD	ʔ w̥ g
toho1245	HAIR	m ʔ
toho1245	LEAF	h h g
toho1245	EGG	n n h
toho1245	YELLOW	s + m
toho1245	WHAT	h b
toho1245	HORN (ANATOMY)	ʔ g
toho1245	COME	d d
toho1245	GREEN	s + tʃ d g
toho1245	THIS	d
toho1245	NOSE	d k
toho1245	SMOKE (EXHAUST)	k b s
toho1245	THIS	d ʔ
toho1245	FULL	s + k w g
toho1245	THAT	h g ʔ
toho1245	MOUTH	tʃ n
toho1245	DOG	g g s
toho1245	LIE (REST)	w ʔ
toho1245	ONE	h m k
toho1245	TOOTH	t t m
toho1245	DRINK	w s b
toho1245	ROOT	t t k
toho1245	SUN	t ʂ
toho1245	KNOW (SOMETHING)	m tʃ
toho1245	FIRE	n d
toho1245	RED	s + w g
toho1245	TREE	s
toho1245	THAT	h g
toho1245	NEW	w tʃ j
toho1245	HEAD	m ʔ
toho1245	DRY	s + g k
toho1245	ASH	m t
toho1245	CLOUD	tʃ w g
toho1245	THIS	d ʔ
toho1245	FLY (MOVE THROUGH AIR)	d ʔ
toho1245	LONG	tʃ w
toho1245	GOOD	s + p
toho1245	WHO	h ð
toho1245	EAT	k ʔ
toho1245	KNEE	t n
toho1245	WOMAN	w
toho1245	BLACK	s + tʃ k
toho1245	HAND	n w
toho1245	THIS	d
toho1245	BITE	k ʔ
toho1245	THAT	h g
toho1245	STAR	h ʔ
toho1245	COME	j w
toho1245	SAY	g
toho1245	WALK	h m
toho1245	HEAR	k
toho1245	WE	ts m
toho1245	EARTH (SOIL)	j w ɖ
toho1245	WHITE	s + t h
toho1245	BIG	g ʔ
toho1245	TWO	g k
toho1245	FEATHER	ʔ n
toho1245	CLAW	h tʃ
toho1245	BELLY	w k
toho1245	SWIM	w tʃ
toho1245	SEE	n d
toho1245	I	ɲ ʔ
toho1245	KILL	m ʔ
toho1245	COLD	s + h p d
toho1245	ALL	w s
toho1245	BREAST	w p
toho1245	MOON	m ʂ d
toho1245	BONE	ʔ
toho1245	DIE	m k
toho1245	TONGUE	n n
pima1248	MOUTH	t n
pima1248	TONGUE	n n
pima1248	MAN	t d
pima1248	COME	d v
pima1248	NAME	t g g
pima1248	HORN (ANATOMY)	g
pima1248	PERSON	h m d k m
pima1248	NEW	v t d
pima1248	BELLY	v k
pima1248	HAIR	m ʔ
pima1248	SMALL	r t
pima1248	COME	b + h m
pima1248	STAR	s v g
pima1248	DOG	g g s
pima1248	WHO	h l
pima1248	NECK	k ʂ v
pima1248	FULL	k v g
pima1248	STAR	h p
pima1248	KNOW (SOMETHING)	m t
pima1248	SEED	k
pima1248	DRY	s + g k
pima1248	DIE	m k
pima1248	LIVER	n m
pima1248	I	n
pima1248	FLY (MOVE THROUGH AIR)	d ʔ
pima1248	THAT	g
pima1248	BONE	ʔ
pima1248	TAIL	b h
pima1248	FEATHER	ʔ n g
pima1248	HAND	n v
pima1248	TWO	g k
pima1248	LIE (REST)	v ʔ
pima1248	BLACK	s + t k
pima1248	RED	s + v g
pima1248	SEE	n d
pima1248	STONE	h d
pima1248	WE	t
pima1248	WHO	h r
pima1248	WHAT	k t
pima1248	TREE	s
pima1248	GOOD	s g t
pima1248	THOU	p
pima1248	SAY	t ʔ
pima1248	STAR	s v g
pima1248	WALK	m r
pima1248	HEART	h r̥ d
pima1248	ONE	h m
pima1248	KNEE	t n
pima1248	ONE	m d
pima1248	FISH	v t p
pima1248	WHITE	s + t h
pima1248	WHAT	kʷ n
pima1248	GIVE	m k
pima1248	NIGHT	t k g m
pima1248	TOOTH	t t m
pima1248	ROOT	t t k
pima1248	ALL	β ʃ
pima1248	LOUSE	ʔ t
pima1248	NOSE	d k
pima1248	EAT	k ʔ
pima1248	FIRE	t
pima1248	EAT	h g
pima1248	FAT (ORGANIC SUBSTANCE)	g
pima1248	CLOUD	t v g
pima1248	STAR	h h g
pima1248	HEART	b d g
pima1248	EYE	v h
pima1248	SKIN	l d g
pima1248	MOON	s ʂ d
pima1248	WOMAN	k s
pima1248	SMOKE (EXHAUST)	k b d g
pima1248	BITE	k ʔ
pima1248	LEAF	h h g
pima1248	DRINK	ʔ
pima1248	TREE	ʂ ʔ
pima1248	COLD	s + h p
pima1248	EGG	n n
pima1248	MOUNTAIN	d ʔ g
pima1248	BARK	l d g
pima1248	ASH	m tʰ
pima1248	WATER	ʂ d g
pima1248	FOOT	t r
pima1248	CLAW	h h t
pima1248	EAR	n k
pima1248	BIG	g ʔ d
pima1248	EARTH (SOIL)	d v r
pima1248	HEAR	k
pima1248	NECK	k ʂ v
pima1248	SUN	t ʂ
pima1248	CLAW	h t
pima1248	SWIM	k m l m h
pima1248	BIRD	ʔ v g
pima1248	GREEN	s + t d g
pima1248	MOUNTAIN	t n c
pima1248	YELLOW	s + m
pima1248	SLEEP	k ʂ
pima1248	COME	d d
pima1248	MOUNTAIN	d ʔ g
pima1248	BREAST	v p
pima1248	MANY	m ʔ
pima1248	LONG	t v d
pima1248	SAY	g
pima1248	SMALL	s + v d
pima1248	THIS	d
pima1248	HEAD	m ʔ
pima1248	ROUND	k v l k
pima1248	KILL	m ʔ
pima1248	SAND	h
pima1248	BLOOD	ʔ r
pima1248	WHAT	h g
pipi1250	GIVE	m k
pipi1250	GIVE	m
pipi1250	CLOUD	m s + t l
pipi1250	BIRD	t t tʃ
pipi1250	THAT	n
pipi1250	HEART	j l
pipi1250	GOOD	j k
pipi1250	YELLOW	t l t k
pipi1250	BLACK	p ʃ w k
pipi1250	FAT (ORGANIC SUBSTANCE)	ʃ p
pipi1250	WHO	k h
pipi1250	EAR	n k s
pipi1250	ROOT	 + n n g w h
pipi1250	SEE	t
pipi1250	ASH	n tʃ
pipi1250	FLY (MOVE THROUGH AIR)	p t n
pipi1250	SMALL	tʃ h tʃ n
pipi1250	KNEE	t n kʷ k
pipi1250	BARK	j w j
pipi1250	BITE	t n kʷ
pipi1250	HORN (ANATOMY)	kʷ k tʃ
pipi1250	COME	w ts
pipi1250	TAIL	kʷ t + p + l
pipi1250	NECK	k c k j
pipi1250	BIG	w
pipi1250	LIVER	l t p tʃ
pipi1250	LOUSE	t n
pipi1250	GREEN	ʃ ʃ w k
pipi1250	NIGHT	t k + j v l
pipi1250	STAR	s t + l
pipi1250	TREE	kʷ w + t
pipi1250	BONE	m + t
pipi1250	ASH	n s tʃ + t
pipi1250	HEART	j l
pipi1250	LIE (REST)	t k
pipi1250	DRINK	k t
pipi1250	TOOTH	t n
pipi1250	MANY	m tʃ
pipi1250	HAND	m
pipi1250	STONE	t + t
pipi1250	WHO	k
pipi1250	SUN	t n + l
pipi1250	FEATHER	 + h m + j
pipi1250	HAND	m
pipi1250	WHITE	s t k
pipi1250	LIE (REST)	t k
pipi1250	HEAR	g k
pipi1250	WATER	 + t
pipi1250	WE	t h m t
pipi1250	HAIR	tʃ n
pipi1250	LONG	w j k
pipi1250	CLAW	s t + t
pipi1250	DOG	p l
pipi1250	GOOD	h w j k
pipi1250	COME	w tʃ
pipi1250	COME	w l h
pipi1250	TONGUE	n p + l
pipi1250	DRY	w k
pipi1250	WALK	n h n m
pipi1250	BELLY	h t
pipi1250	MANY	m tʃ
pipi1250	I	n h
pipi1250	COLD	s s k
pipi1250	SAY	n s
pipi1250	SEED	j h w tʃ
pipi1250	MOUTH	t n
pipi1250	ALL	m tʃ
pipi1250	KILL	m k t
pipi1250	WHAT	t j
pipi1250	LOUSE	t m t
pipi1250	TWO	m
pipi1250	NIGHT	 + j v l
pipi1250	SEED	j
pipi1250	EYE	ʃ
pipi1250	MAN	t k + t
pipi1250	EARTH (SOIL)	t + l
pipi1250	SAND	ʃ + l
pipi1250	THOU	t h
pipi1250	MOUNTAIN	t p + t
pipi1250	THIS	n
pipi1250	LEAF	s w + t
pipi1250	HEAD	ts n + t + k n
pipi1250	MANY	m j k
pipi1250	NECK	k s c k c j
pipi1250	SKIN	kʷ t s + t
pipi1250	SMOKE (EXHAUST)	p k + t
pipi1250	WHAT	t
pipi1250	FISH	m tʃ n
pipi1250	FULL	t n t k
pipi1250	HEAD	kʷ
pipi1250	RED	tʃ l t k
pipi1250	FOOT	k ʃ
pipi1250	MOUTH	t n
pipi1250	EAT	kʷ
pipi1250	MOON	m c + t
pipi1250	DIE	m k
pipi1250	BARK	j w j
pipi1250	HORN (ANATOMY)	kʷ kʷ
pipi1250	PERSON	t g + t
pipi1250	EGG	t s s
pipi1250	ASH	n ʃ t
pipi1250	SLEEP	k tʃ
pipi1250	FIRE	t + t
pipi1250	WOMAN	s w + t
pipi1250	NOSE	j k
pipi1250	HAIR	j h m
pipi1250	BLOOD	h + t
pipi1250	ONE	s
pipi1250	BREAST	tʃ tʃ h w + l
pipi1250	NAME	t k + 
pipi1250	KNOW (SOMETHING)	m t
kere1287	BLACK	m + n g n
kere1287	WHITE	g ʃ + n
kere1287	TONGUE	w + tʃ n
kere1287	YELLOW	kʲ tʃ n
kere1287	KILL	g m dʲ z
kere1287	MOUTH	z + kʲ
kere1287	BREAST	g w ts
kere1287	HEAR	kʲ k
kere1287	GIVE	z ʔ
kere1287	LIVER	ʔ n + n
kere1287	FLY (MOVE THROUGH AIR)	ts + p̠
kere1287	FOOT	k s d
kere1287	NEW	n + c
kere1287	NECK	g w + ʐ
kere1287	MOUNTAIN	kʲ t
kere1287	SEED	h + ʐ n
kere1287	SMALL	r
kere1287	SEED	g w ts
kere1287	FULL	g + tʲ
kere1287	LIE (REST)	k ʔ z
kere1287	HEAD	g n s g
kere1287	FEATHER	h + b
kere1287	TOOTH	h ʔ k + n
kere1287	EYE	h w n ʔ n
kere1287	SEE	g + k tʃ
kere1287	NECK	w + ʐ
kere1287	HAIR	h + ʐ n
kere1287	FISH	s kʲ + ʃ
kere1287	SAY	kʲ z
kere1287	HORN (ANATOMY)	z ʐ
kere1287	GREEN	kʲ s k
kere1287	FULL	tʲ
kere1287	CLAW	h ʔ w + k + n n
kere1287	TOOTH	h ʔ k + n n
kere1287	HEART	w n s g
kere1287	SEE	g + k tʃ
kere1287	BITE	g + g
kere1287	DRINK	g s kʲ
kere1287	SUN	ʔ ʂ + ʐ
kere1287	WHITE	g ʃ
kere1287	ASH	m s k
kere1287	SKIN	p s k n n
kere1287	HAND	w n s g
kere1287	GIVE	g + d
kere1287	ROOT	w + w ʐ n
kere1287	WOMAN	kʲ w
kere1287	CLAW	h ʔ w + k + n
kere1287	BIRD	s r
kere1287	GOOD	r w
kere1287	DRINK	g + s kʲ
kere1287	KNEE	ʔ ʃ
kere1287	LOUSE	ʃ n
kere1287	ROUND	s kʲ r + z
kere1287	WATER	ts z
kere1287	DIE	k + s tʲ
kere1287	TWO	dʲ + w
kere1287	GIVE	z d
kere1287	EAT	k b
kere1287	TWO	dʲ + m
kere1287	STONE	k n
kere1287	DIE	s tʲ
kere1287	SAND	j ʔ
kere1287	MOON	d + w + ʐ
kere1287	WOMAN	kʲ
kere1287	MOUTH	ts + kʲ
kere1287	GREEN	s k
kere1287	DOG	d j
kere1287	NAME	ʔ + g
kere1287	BELLY	n k
kere1287	FOOT	s d
kere1287	LEAF	m s + n
kere1287	KNOW (SOMETHING)	g n
kere1287	ONE	ʔ s g
kere1287	EAT	k + b
kere1287	BARK	ʔ k n n
kere1287	FAT (ORGANIC SUBSTANCE)	ʔ ʂ
kere1287	HEAD	n s g
kere1287	EYE	n
kere1287	EYE	kʲ + n
kere1287	CLOUD	h n tʲ
sanj1276	FOOT	n
sanj1276	YELLOW	tsˀ j ʔ
sanj1276	KILL	h
sanj1276	FAT (ORGANIC SUBSTANCE)	k
sanj1276	HEAD	pˀ n
sanj1276	BREAST	w
sanj1276	DRY	tˀ ʔ ʔ
sanj1276	BONE	pʰ h kʰ
sanj1276	SEE	p w
sanj1276	NAME	kʰ w
sanj1276	EAR	j
sanj1276	STAR	g
sanj1276	WATER	pˀ
sanj1276	THIS	n
sanj1276	GIVE	m g
sanj1276	NECK	kˀ
sanj1276	LOUSE	pʰ
sanj1276	CLAW	m
sanj1276	KNEE	kʰ m j
sanj1276	FIRE	pʰ
sanj1276	SMALL	h j
sanj1276	MAN	s n
sanj1276	EYE	ts
sanj1276	SAND	kʰ
sanj1276	WHITE	tsˀ ʔ ʔ
sanj1276	SKIN	kʰ w
sanj1276	NOSE	ʃ
sanj1276	EAT	kˀ
sanj1276	WHO	t
sanj1276	LEAF	k
sanj1276	HEART	p n
sanj1276	FISH	p
sanj1276	TREE	t
sanj1276	ASH	n
sanj1276	HAIR	pʰ
sanj1276	DIE	tʃ
sanj1276	FULL	pˀ d h
sanj1276	TOOTH	w
sanj1276	TONGUE	h n
sanj1276	EARTH (SOIL)	n n
sanj1276	TAIL	w̥ n
sanj1276	DRINK	s w
sanj1276	BELLY	s kˀ
sanj1276	PERSON	tˀ w
sanj1276	LIE (REST)	kˀ
sanj1276	WOMAN	kʷ
sanj1276	SUN	tʰ n
sanj1276	COLD	h k d
sanj1276	ROUND	b g ʔ
sanj1276	COME	
sanj1276	EGG	w
sanj1276	FEATHER	pʰ
sanj1276	MOON	pˀ
sanj1276	MOUNTAIN	pˀ n
sanj1276	SWIM	k h s m
sanj1276	BITE	kʰ g
sanj1276	GOOD	h w ʔ
sanj1276	SAY	t
sanj1276	NIGHT	kʰ d
sanj1276	ALL	tʲ h k h
sanj1276	GREEN	pˀ s w ʔ
sanj1276	BLACK	pʰ n d ʔ
sanj1276	SEED	t
sanj1276	CLOUD	kʰ w
sanj1276	BARK	t kʰ w
sanj1276	STONE	kˀ
sanj1276	WALK	j j
sanj1276	THAT	h
sanj1276	LIVER	h d
sanj1276	I	n
sanj1276	BIRD	ts d
sanj1276	NEW	tsˀ b
sanj1276	MANY	b k
sanj1276	THAT	
sanj1276	MOUTH	s
sanj1276	WE	n
sanj1276	HEAR	tˀ
sanj1276	DOG	ts
sanj1276	SMOKE (EXHAUST)	j
sanj1276	ROOT	p
sanj1276	BLOOD	n
sanj1276	TWO	w j h
sanj1276	HORN (ANATOMY)	s n
sanj1276	RED	pˀ ʔ
sanj1276	BIG	h ʔ ʔ
sanj1276	FLY (MOVE THROUGH AIR)	ʃ n
sanj1276	ONE	w ʔ
sanj1276	SLEEP	j kʰ
sanj1276	HAND	m n
sanj1276	LONG	h ʔ j n
sanj1276	THOU	ʔ
sanj1276	KNOW (SOMETHING)	h n g n
sant1426	FISH	s kʲ + ʃ
sant1426	MOUTH	z + kʲ
sant1426	MOON	d w + ʐ
sant1426	NOSE	w ʃ + n
sant1426	GOOD	r w
sant1426	ROUND	s kʲ r c
sant1426	TONGUE	w + tʃ n
sant1426	FULL	g + tʲ
sant1426	BLACK	m + n g n
sant1426	BLOOD	m ʔ ts
sant1426	GIVE	g + d
sant1426	HEART	w n s k
sant1426	NEW	n + c + z
sant1426	STONE	k n
sant1426	EAT	k + p
sant1426	WOMAN	kʲ w + z
sant1426	ONE	ʔ s k
sant1426	WATER	ts c
sant1426	NOSE	g w + ʃ
sant1426	DRINK	g s kʲ
sant1426	LEAF	m s + n
sant1426	TOOTH	h ʔ k n n
sant1426	HAND	w n s k
sant1426	EYE	h w n ʔ n
sant1426	ASH	m s k
sant1426	SEED	g w c
sant1426	LIE (REST)	k ʔ z
sant1426	BONE	h + s g n
sant1426	DOG	d j
sant1426	WHITE	g ʃ
sant1426	FAT (ORGANIC SUBSTANCE)	ʔ ʂ tʲ
sant1426	SAY	kʲ z
sant1426	BITE	g + k
sant1426	LIVER	ʔ ʔ n + n
sant1426	ROOT	w + w ʐ n
sant1426	KILL	g m d c
sant1426	HEAD	g n s g
sant1426	SMALL	r
sant1426	SEED	h + ʐ n
sant1426	BELLY	k + n k
sant1426	BARK	ʔ + k n n
sant1426	SUN	ʔ ʂ + ʈʂ
sant1426	GREEN	kʲ s k
sant1426	NIGHT	n j
sant1426	HAIR	h + ʐ n
sant1426	BIRD	s r
sant1426	EYE	kʲ + n
sant1426	NAME	ʔ + g
sant1426	SMOKE (EXHAUST)	kʲ r r k
sant1426	HORN (ANATOMY)	z ʈʂ
sant1426	MAN	h ʈʂ c
sant1426	EAR	s j + p
sant1426	SEE	g + k tʃ
sant1426	CLOUD	h n tʲ
sant1426	KNEE	g + ʃ
sant1426	DIE	k + s tʲ
sant1426	MOUNTAIN	kʲ t
sant1426	CLAW	h ʔ w + k n n
sant1426	KNOW (SOMETHING)	g n
sant1426	YELLOW	kʲ tʃ n
sant1426	TWO	d + m
sant1426	SAND	j ʔ
sant1426	EGG	n w ʔ kʲ
sant1426	SKIN	p s k n n
sant1426	LOUSE	ʃ n
sant1426	FLY (MOVE THROUGH AIR)	ts + p
sant1426	BREAST	g w ts
sant1426	HEAR	k k
sant1426	NECK	g w + ʐ
sant1426	STAR	ʃ + d + t
sant1426	FEATHER	h + b
sant1426	WOMAN	kʲ
sant1426	GIVE	z ʔ
sant1426	FOOT	k s d
sant1425	GIVE	z + ʔ
sant1425	LEAF	m + s n
sant1425	HEAD	n + s g n
sant1425	MOUNTAIN	kʲ t
sant1425	WOMAN	kʲ w
sant1425	SKIN	p s k n n
sant1425	BARK	ʔ + k n n
sant1425	HORN (ANATOMY)	z + ʐ
sant1425	BITE	g + k
sant1425	FLY (MOVE THROUGH AIR)	ts + p
sant1425	MOUTH	z + kʲ
sant1425	LOUSE	ʃ + n
sant1425	EGG	n + w kʲ
sant1425	NOSE	g w ʃ
sant1425	TOOTH	h ʔ k n
sant1425	SUN	ʔ + ʂ ʈʂ
sant1425	FEATHER	h + b
sant1425	EAR	s j p
sant1425	TONGUE	k w tʃ
sant1425	LIVER	ʔ + n n
sant1425	ROOT	w + w ʐ n
sant1425	HAND	w n s g
sant1425	SAY	ʔ + kʲ z
sant1425	BLOOD	m ts
sant1425	FULL	g + tʲ
sant1425	STONE	k n
sant1425	BIRD	s r
sant1425	NAME	ʔ g + ʂ
sant1425	SEED	g + w c
sant1425	CLAW	h + w k n
sant1425	BREAST	g + w ts
sant1425	EAT	k + p
sant1425	ASH	m s k
sant1425	SEE	g + k tʃ
sant1425	DRINK	g + s kʲ
sant1425	WATER	ts + c
sant1425	BLACK	m + n g n
sant1425	MOON	d + w ʈʂ
sant1425	KNOW (SOMETHING)	g + n
sant1425	ROUND	s kʲ r c
sant1425	ONE	ʔ + s k
sant1425	GIVE	g + d
sant1425	GOOD	r + w
sant1425	FAT (ORGANIC SUBSTANCE)	ʔ + ʂ t
sant1425	CLOUD	h + n tʲ
sant1425	GREEN	kʲ s k
sant1425	DOG	d + j
sant1425	HEART	w + n s g
sant1425	SMALL	r
sant1425	DIE	k + s tʲ
sant1425	FISH	kʲ + ʃ
sant1425	BONE	h s g n
sant1425	KNEE	g + ʃ
sant1425	NECK	g + w ʐ
sant1425	SAND	j ʔ
sant1425	HAIR	h + ʐ n
sant1425	FOOT	k + s d
sant1425	BELLY	k + n k
sant1425	WHITE	g + ʃ
sant1425	MAN	h + ʈʂ z
sant1425	STAR	ʃ + d tʲ
sant1425	EYE	kʲ + n
sant1425	HEAR	k + k
sant1425	NEW	n + c + z
sant1425	TWO	d + m
sant1425	KILL	g + m d c
sant1425	NIGHT	n + j
sant1425	YELLOW	kʲ tʃ n
serr1255	DRY	 + w k ʔ
serr1255	NIGHT	t k
serr1255	FAT (ORGANIC SUBSTANCE)	w p + t
serr1255	SAND	q + ʈʂ
serr1255	KNEE	t m + ts
serr1255	EAT	kʷ ʔ
serr1255	KILL	m q n
serr1255	SEED	p ts
serr1255	EYE	h v + ʈʂ
serr1255	WE	ts m
serr1255	NECK	ŋ h + ts
serr1255	DOG	k c ʔ
serr1255	CLAW	w ʈʂ
serr1255	BELLY	t ʔ
serr1255	THIS	β ʔ
serr1255	FEATHER	m h + t
serr1255	WHAT	h t
serr1255	COLD	c
serr1255	BITE	k ʔ
serr1255	HEAD	ʂ ʔ
serr1255	FULL	p t ʔ q
serr1255	TREE	w m + t
serr1255	TAIL	w ð
serr1255	BIG	 + t ʔ ts
serr1255	NEW	m + t
serr1255	BLACK	t n r + ʔ n
serr1255	STAR	h ʔ + ʈʂ
serr1255	STONE	t m + t
serr1255	THOU	m ʔ
serr1255	SAY	k
serr1255	ASH	k k h + t
serr1255	FIRE	k + t
serr1255	HEART	h n
serr1255	MAN	w c ʂ + ts
serr1255	BLOOD	ʈʂ + ʈʂ
serr1255	HEAR	m ʈʂ
serr1255	EAT	r kʷ
serr1255	MOUNTAIN	q + ts
serr1255	HORN (ANATOMY)	ʔ ʔ
serr1255	BARK	q ts
serr1255	TWO	w
serr1255	LOUSE	c m
serr1255	SUN	t m + t
serr1255	MOON	m + ʈʂ
serr1255	SMALL	ɲ ʔ
serr1255	KILL	m m k n
serr1255	THAT	m
serr1255	TOOTH	t m
serr1255	LEAF	q v
serr1255	BREAST	p ʔ
serr1255	NOSE	m k p ʔ
serr1255	WHO	h m ʔ
serr1255	ONE	h k p
serr1255	I	n ʔ
serr1255	PERSON	t q + t
serr1255	THAT	p t
serr1255	NAME	t w n + ts
serr1255	WHITE	j r r + ʔ n
serr1255	SMOKE (EXHAUST)	m ʔ + t
serr1255	SEE	h h
serr1255	HAND	m
serr1255	LIVER	n m
serr1255	LIE (REST)	k
serr1255	HAIR	ʔ j ʔ
serr1255	RED	ʂ r r + ʔ n
serr1255	WATER	p + t
serr1255	ROOT	ŋ q w
serr1255	MANY	w w h t
serr1255	LONG	m t ʔ
serr1255	CLOUD	w ŋ + t
serr1255	GIVE	m q
serr1255	GOOD	ʔ
serr1255	EGG	p n
serr1255	FLY (MOVE THROUGH AIR)	h ɲ ʔ + k
serr1255	WE	ts m
serr1255	ALL	p j
serr1255	GREEN	r + ʔ n
serr1255	MANY	w r
serr1255	SKIN	q ts
serr1255	SLEEP	k m n
serr1255	FOOT	n v + ts
serr1255	WALK	n m
serr1255	KNOW (SOMETHING)	n n
serr1255	NECK	ŋ h ʔ
serr1255	BIRD	w c + t
serr1255	ROUND	p c p ʔ q
serr1255	COME	k m
serr1255	FISH	k h + ts
serr1255	WOMAN	n h t
serr1255	BONE	 + ts
serr1255	DRINK	p ʔ
serr1255	TONGUE	n ŋ + ts
serr1255	YELLOW	ʂ ʈʂ ʈʂ + ʔ n
serr1255	FLY (MOVE THROUGH AIR)	h ɲ ʔ + k
serr1255	MOUTH	ʂ ʈʂ
serr1255	EARTH (SOIL)	t v + ʈʂ
serr1255	DIE	m m ʔ + q
serr1255	EAR	q v + ts
gosi1242	COLD	c ʔ
gosi1242	FAT (ORGANIC SUBSTANCE)	j h
gosi1242	SEED	p h
gosi1242	SMALL	t
gosi1242	RED	n k
gosi1242	EAT	t k
gosi1242	MANY	s n + t n
gosi1242	NEW	k
gosi1242	HAIR	p n k s
gosi1242	NECK	t j m + p h
gosi1242	DRINK	h p
gosi1242	THIS	s t n
gosi1242	WHAT	h n
gosi1242	BIRD	h ts
gosi1242	BELLY	s p h
gosi1242	SWIM	p h p
gosi1242	FIRE	k n
gosi1242	GIVE	t
gosi1242	LONG	k p
gosi1242	BLOOD	p p + p n
gosi1242	ROUND	p n + k n t n
gosi1242	FLY (MOVE THROUGH AIR)	j c
gosi1242	SEE	p
gosi1242	LIE (REST)	h p
gosi1242	PERSON	n w
gosi1242	NAME	n h j
gosi1242	BARK	p ʔ n
gosi1242	SUN	t p
gosi1242	FULL	t p
gosi1242	EGG	n j
gosi1242	ONE	s m
gosi1242	THOU	n
gosi1242	LIVER	n w n
gosi1242	CLOUD	p k n + p h
gosi1242	HAND	m ʔ
gosi1242	FOOT	n m p
gosi1242	LEAF	s k
gosi1242	KNOW (SOMETHING)	s m p t
gosi1242	WHAT	h n
gosi1242	MOON	m
gosi1242	NIGHT	t k n
gosi1242	WATER	p
gosi1242	TWO	w h
gosi1242	DIE	t
gosi1242	SMOKE (EXHAUST)	kʷ
gosi1242	DOG	s t
gosi1242	TONGUE	k
gosi1242	TREE	h p + p n
gosi1242	WE	t m n
gosi1242	SLEEP	p
gosi1242	STONE	t m + p n
gosi1242	SEE	p n
gosi1242	EYE	p h
gosi1242	COME	k m
gosi1242	EARTH (SOIL)	s k + p h
gosi1242	GOOD	ts n + t n
gosi1242	CLAW	s t n
gosi1242	EAR	n n k h
gosi1242	I	n
gosi1242	ROOT	t t n
gosi1242	ALL	j n
gosi1242	BLACK	t p + p h t n
gosi1242	BREAST	p c
gosi1242	HEAD	p m p n
gosi1242	LOUSE	p s + ts h
gosi1242	HEART	p h j n
gosi1242	FISH	p n kʷ
gosi1242	WALK	m ʔ
gosi1242	NOSE	m p n
gosi1242	MAN	t n kʷ + p
gosi1242	HORN (ANATOMY)	n
gosi1242	TOOTH	t m n
gosi1242	KILL	p k
gosi1242	FEATHER	s + p
gosi1242	MOUNTAIN	t j + p n
gosi1242	SKIN	p ʔ n ʔ
gosi1242	YELLOW	
gosi1242	ASH	k s p h
gosi1242	KNOW (SOMETHING)	s m p n
gosi1242	DRY	p s
gosi1242	GREEN	p
gosi1242	SAND	p s m + p n
gosi1242	TAIL	kʷ s
gosi1242	THAT	t n
gosi1242	BITE	k c + c ʔ
gosi1242	KNEE	t n k + p h
gosi1242	STAR	t c m + p n
gosi1242	BIG	p
gosi1242	WOMAN	w ʔ p
gosi1242	HEAR	n n k
gosi1242	MOUTH	t m p
gosi1242	WHO	h k
gosi1242	WHO	h k
gosi1242	WHITE	t s + p h t n
gosi1242	SAY	n kʷ
gosi1242	SMOKE (EXHAUST)	k k + kʷ
gosi1242	BONE	ts h n
sout2976	BREAST	t r
sout2976	ASH	m t
sout2976	NEW	x b k m
sout2976	HEART	j r
sout2976	LONG	t b
sout2976	HORN (ANATOMY)	ʔ
sout2976	WALK	r
sout2976	ONE	m n
sout2976	SEED	k tʃ k
sout2976	GREEN	m m d r ʔ
sout2976	BONE	
sout2976	STONE	j d
sout2976	CLAW	j t
sout2976	BIG	g ʔ
sout2976	THIS	d j ʔ
sout2976	DRINK	j
sout2976	SMALL	l̥ ʔ ts
sout2976	BREAST	β p
sout2976	SAND	j
sout2976	HEAR	k
sout2976	DOG	g g x
sout2976	LOUSE	t
sout2976	SUN	tʃ t
sout2976	MOUNTAIN	dʱ ʔ
sout2976	HAIR	k p
sout2976	EYE	b
sout2976	ALL	v ʃ
sout2976	LEAF	j ʔ
sout2976	SLEEP	k s
sout2976	ROOT	t k
sout2976	COME	bʱ j m
sout2976	MAN	tʃ ɲ
sout2976	TAIL	bʱ
sout2976	BLACK	tʃ k
sout2976	THAT	g w ʔ
sout2976	EAT	j g ʔ
sout2976	LIVER	l m n
sout2976	PERSON	j t k m
sout2976	FAT (ORGANIC SUBSTANCE)	g d ʔ
sout2976	GIVE	m k
sout2976	WOMAN	b
sout2976	SAY	t j ʔ
sout2976	KNEE	l̥
sout2976	LIE (REST)	b k ʔ
sout2976	STAR	tʃ t ʔ
sout2976	DRY	g k
sout2976	BLOOD	r
sout2976	YELLOW	m
sout2976	EARTH (SOIL)	d b r
sout2976	COLD	x p
sout2976	HAND	n b
sout2976	EGG	n n
sout2976	NIGHT	t k ʔ
sout2976	BARK	k m
sout2976	WATER	s d ʔ
sout2976	FULL	s n g m
sout2976	BITE	k j ʔ
sout2976	SKIN	j ʔ
sout2976	MOUTH	tʃ ɲ
sout2976	CLOUD	t b ʔ
sout2976	TOOTH	t t m
sout2976	DIE	m k ʔ
sout2976	EAR	n k
sout2976	FLY (MOVE THROUGH AIR)	d j ʔ
sout2976	SMOKE (EXHAUST)	k bʱ x
sout2976	FISH	b t p
sout2976	ROUND	x k l̥ k
sout2976	BIRD	ʔ
sout2976	KILL	m ʔ
sout2976	TWO	j m
sout2976	RED	b ʔ
sout2976	FIRE	t
sout2976	SEE	n ɲ
sout2976	KNOW (SOMETHING)	m t
sout2976	NECK	k x b
sout2976	NOSE	d k
sout2976	MANY	m ʔ
sout2976	TREE	t
sout2976	GOOD	j r + j x + k
sout2976	FEATHER	n ʔ
sout2976	HEAD	m ʔ
sout2976	WHAT	t ʔ
sout2976	BELLY	b k
sout2976	WHITE	tʃ
sout2976	MOON	m s n
sout2976	FOOT	t n
sout2976	TONGUE	n n
sout2969	FOOT	n m p
sout2969	PERSON	n n
sout2969	DOG	s t
sout2969	WHITE	t ʃ
sout2969	SUN	t p
sout2969	ASH	k ts
sout2969	HORN (ANATOMY)	
sout2969	MOUNTAIN	k p
sout2969	ROUND	p t
sout2969	MOUTH	t m p
sout2969	BELLY	s p
sout2969	FULL	p n ʔ
sout2969	TONGUE	k n
sout2969	SEED	p ʔ
sout2969	KNEE	t ŋ
sout2969	FAT (ORGANIC SUBSTANCE)	j
sout2969	LIE (REST)	p
sout2969	ALL	m n
sout2969	DIE	j ʔ
sout2969	ALL	m n
sout2969	SMALL	m ʔ
sout2969	SMOKE (EXHAUST)	kʷ
sout2969	BLOOD	p
sout2969	SAND	p t
sout2969	BITE	k ʔ
sout2969	WOMAN	m m ʔ
sout2969	FULL	p n ʔ
sout2969	HAIR	p
sout2969	LONG	p ʔ + t k n
sout2969	EAT	t k
sout2969	CLOUD	p k n + p
sout2969	SLEEP	p
sout2969	WALK	p k n
sout2969	BONE	h
sout2969	LEAF	m p n ŋ k + p
sout2969	EAR	n ŋ k p
sout2969	ROOT	t n
sout2969	THAT	ʔ
sout2969	THAT	
sout2969	WHO	n g
sout2969	STONE	t m p
sout2969	EARTH (SOIL)	t p
sout2969	KILL	p k
sout2969	BIG	p
sout2969	EGG	n ʔ
sout2969	BREAST	p c
sout2969	NECK	k t
sout2969	DRY	t p ʃ
sout2969	SEE	p n
sout2969	ONE	ʃ
sout2969	BARK	s
sout2969	MAN	t ʔ ŋ w
sout2969	MANY	p
sout2969	PERSON	n ŋ w
sout2969	KNOW (SOMETHING)	p c c kʷ
sout2969	CLAW	ʃ c
sout2969	TWO	w
sout2969	FIRE	k n
sout2969	SKIN	s ʔ
sout2969	GIVE	m k
sout2969	FLY (MOVE THROUGH AIR)	n n c
sout2969	EGG	n p
sout2969	RED	ŋ k
sout2969	HEAD	t c
sout2969	THOU	m
sout2969	DRINK	p
sout2969	COLD	ʃ p + p t
sout2969	THIS	
sout2969	TAIL	kʷ s
sout2969	TREE	m ʔ p
sout2969	WE	t m
sout2969	FISH	p + k
sout2969	STAR	p c
sout2969	LIVER	n ŋ w n
sout2969	TOOTH	t ŋ w n
sout2969	LOUSE	p ʔ
sout2969	HEART	p j
sout2969	ROUND	p t
sout2969	MOON	m
sout2969	EYE	p ʔ
sout2969	SUN	t p
sout2969	WHITE	t ʃ
sout2969	YELLOW	
sout2969	COME	p tʃ
sout2969	FEATHER	w s
sout2969	I	n ʔ
sout2969	BLACK	t
sout2969	WATER	p
sout2969	STONE	t n
sout2969	BIRD	w c
sout2969	NAME	n
sout2969	GOOD	j
sout2969	GREEN	s kʷ
sout2969	NEW	
sout2969	HAND	m ʔ
sout2969	SAY	n n
sout2969	WHAT	n
sout2969	NOSE	m p
sout2969	NIGHT	t kʷ
sout2969	HEAR	n ŋ k
utee1244	WE	n m
utee1244	WE	t m
utee1244	SMOKE (EXHAUST)	kʷ + p
utee1244	WHITE	s + k t
utee1244	NEW	 + k t
utee1244	HEAR	n k
utee1244	TONGUE	k + p
utee1244	KNEE	t + p
utee1244	TOOTH	t w + p
utee1244	FLY (MOVE THROUGH AIR)	j c
utee1244	HEART	m k + v
utee1244	SAY	m + k
utee1244	LONG	p ʔ + t kʷ + t
utee1244	THAT	t
utee1244	MAN	t ʔ w + c
utee1244	NOSE	m p t ʔ + p
utee1244	LIE (REST)	p
utee1244	SEED	p ʔ + p
utee1244	EARTH (SOIL)	t p + p
utee1244	BREAST	p + p
utee1244	GOOD	t
utee1244	GIVE	n + t g
utee1244	SMALL	m + p + c
utee1244	BARK	s ʔ + p
utee1244	MANY	p ʔ n + t
utee1244	SLEEP	p
utee1244	ONE	s j s
utee1244	BELLY	s k + p
utee1244	WHAT	ʔ n
utee1244	DIE	j ʔ
utee1244	THAT	
utee1244	THAT	m t
utee1244	MOUTH	t p + p
utee1244	COME	p c
utee1244	BONE	 + p
utee1244	DRINK	p
utee1244	FEATHER	p t + p
utee1244	STAR	p c + p
utee1244	LIVER	n + p
utee1244	I	n ʔ
utee1244	THIS	tʃ
utee1244	SAY	m + k
utee1244	DOG	s t + c
utee1244	WOMAN	m m + c
utee1244	WHO	ʔ
utee1244	ASH	k c + p
utee1244	THIS	n
utee1244	MOUNTAIN	k + p
utee1244	SWIM	p p t
utee1244	THAT	m
utee1244	WATER	p
utee1244	THOU	m
utee1244	EAR	n k + p
utee1244	GREEN	s kʷ + k t
utee1244	ROOT	t n + p
utee1244	EGG	n p + p
utee1244	SKIN	s ʔ + p
utee1244	SWIM	n p k
utee1244	MOON	m + t k + c
utee1244	FULL	k w + k + t
utee1244	EAT	t k
utee1244	NAME	n
utee1244	BIRD	w c + c
utee1244	BITE	k ʔ
utee1244	RED	k + k t
utee1244	LEAF	n k + ʔ + p
utee1244	ALL	p ʔ m n k t s
utee1244	BIG	p + t
utee1244	HAND	m ʔ + p
utee1244	COLD	s j ʔ
utee1244	FIRE	n ʔ + t
utee1244	ROUND	p + t + k w t
utee1244	TREE	p + c
utee1244	PERSON	n + c
utee1244	FISH	p k
utee1244	STONE	t p + p
utee1244	NIGHT	t kʷ + n
utee1244	CLAW	w k + c
utee1244	ALL	p ʔ m n n
utee1244	SUN	t p + c
utee1244	TWO	w + n
utee1244	EYE	p ʔ + p
utee1244	LOUSE	p ʔ p
utee1244	WE	t w
utee1244	BLACK	t + k w + t
utee1244	SAND	s w + p
utee1244	BLOOD	p + p
utee1244	NECK	k t + p
utee1244	WALK	p k
utee1244	SEE	p n + k
utee1244	KNOW (SOMETHING)	p c c kʷ
utee1244	HAIR	p k + p
utee1244	DRY	t p s + p
utee1244	HEAD	t c + p
utee1244	YELLOW	 + k t
utee1244	ALL	m n n
utee1244	FOOT	n p
utee1244	CLOUD	w + t + p
utee1244	HORN (ANATOMY)	 + p
utee1244	TAIL	kʷ s + c
utee1244	KILL	p k
utee1244	FAT (ORGANIC SUBSTANCE)	j + p
cent2131	BONE	ʔ tʃ
cent2131	SMALL	k ʔ t
cent2131	STAR	s ʔ p l
cent2131	PERSON	p g t + m
cent2131	ROUND	g p
cent2131	FLY (MOVE THROUGH AIR)	ʔ n
cent2131	DOG	k tʃ
cent2131	MOUNTAIN	g w
cent2131	HEART	s l
cent2131	NOSE	k
cent2131	THIS	j n
cent2131	LIVER	m l
cent2131	SEE	n ʔ n
cent2131	DIE	m k
cent2131	BIRD	tʃ l g
cent2131	THIS	j p n
cent2131	COLD	r l
cent2131	TAIL	w s
cent2131	WHAT	m
cent2131	THIS	tʃ
cent2131	KNOW (SOMETHING)	m tʃ
cent2131	YELLOW	s w r + m
cent2131	HAIR	g p
cent2131	ROOT	n w
cent2131	LEAF	s w
cent2131	KILL	m ʔ
cent2131	SEE	n tʃ
cent2131	THOU	m h
cent2131	KILL	m ʔ l
cent2131	COME	n l n
cent2131	SEE	ʔ n
cent2131	FOOT	r n
cent2131	FAT (ORGANIC SUBSTANCE)	w ʔ
cent2131	HAND	s k
cent2131	BLACK	tʃ k + m
cent2131	KNEE	tʃ k b + l
cent2131	NIGHT	r k w l
cent2131	ASH	n p s
cent2131	HEAD	m ʔ
cent2131	I	n h
cent2131	SLEEP	g tʃ
cent2131	EYE	b s + l
cent2131	WHO	m p
cent2131	THAT	m
cent2131	WE	t m
cent2131	DRINK	b h
cent2131	SAY	tʃ n
cent2131	FISH	r ʔ c
cent2131	THAT	m
cent2131	WALK	ʔ n
cent2131	ONE	b l
cent2131	SUN	r n l
cent2131	TONGUE	tʃ m k + l
cent2131	NAME	r w
cent2131	SEE	n ʔ
cent2131	TONGUE	tʃ m r + l
cent2131	WHITE	r s k + m
cent2131	SWIM	ʔ k
cent2131	MAN	r h
cent2131	EAR	n k
cent2131	EAT	g ʔ
cent2131	SEED	t l
cent2131	BELLY	r p
cent2131	LIE (REST)	b ʔ
cent2131	BREAST	k s
cent2131	FULL	b tʃ w
cent2131	CLAW	s t
cent2131	HORN (ANATOMY)	w
cent2131	BARK	k h
cent2131	FEATHER	m ʔ s
cent2131	WE	t m
cent2131	BLOOD	l
cent2131	RED	s r k + m
cent2131	WOMAN	m k
cent2131	TOOTH	r m
cent2131	GOOD	g ʔ r
cent2131	LONG	w ʔ l
cent2131	WATER	b ʔ w
cent2131	GREEN	s j n + m
cent2131	CLOUD	n r
cent2131	SMOKE (EXHAUST)	m r
cent2131	STONE	r
cent2131	MOON	m tʃ
cent2131	ALL	m r w m
cent2131	EGG	k ʔ w
cent2131	LOUSE	t
cent2131	SKIN	w tʃ
cent2131	BARK	g l
cent2131	MOUTH	r n
cent2131	MANY	w k
cent2131	HEAR	k
cent2131	NECK	g t
cent2131	TREE	k s
cent2131	DRY	w k
cent2131	EARTH (SOIL)	w
cent2131	SAND	s t
cent2131	TWO	kʷ
cent2131	GIVE	j
cent2131	MOUNTAIN	r j b
cent2131	NEW	k k w + m
cent2131	FIRE	n ʔ
cent2131	BITE	ʔ k
cent2131	BIG	w ʔ l
tuba1279	THAT	k t
tuba1279	MOUTH	t n + r
tuba1279	MANY	m +  + r
tuba1279	MAN	ɲ w
tuba1279	FISH	k c + t
tuba1279	KNEE	t n + r
tuba1279	SAND	s h + t
tuba1279	ASH	n s + t
tuba1279	SWIM	n
tuba1279	COLD	s v
tuba1279	TREE	 + t
tuba1279	LEAF	s m w + t
tuba1279	THIS	r
tuba1279	SMOKE (EXHAUST)	k + p c + t
tuba1279	FOOT	n j + k + r
tuba1279	EAT	k
tuba1279	GIVE	h l + w
tuba1279	WE	t
tuba1279	CLAW	l + p + r
tuba1279	NEW	h m s + t
tuba1279	COME	h k
tuba1279	MOUNTAIN	k h
tuba1279	SWIM	n
tuba1279	CLOUD	m s + t
tuba1279	BARK	 + l + p t
tuba1279	NIGHT	k r + m + l + t
tuba1279	GIVE	m k
tuba1279	FLY (MOVE THROUGH AIR)	h nʲ
tuba1279	NECK	kʷ + r
tuba1279	TOOTH	t m + r
tuba1279	TREE	k + t
tuba1279	NECK	m + r
tuba1279	HEART	v + m + l + r
tuba1279	I	n
tuba1279	BLOOD	v
tuba1279	WE	t
tuba1279	KNOW (SOMETHING)	m
tuba1279	ALL	w ts t
tuba1279	HEAD	t + r
tuba1279	TWO	n j h + r
tuba1279	SUN	t + t
tuba1279	STONE	t r + t
tuba1279	GREEN	n j + k + r
tuba1279	HAIR	w m + r
tuba1279	GOOD	k w + r
tuba1279	WATER	b + t
tuba1279	YELLOW	k s r + k r
tuba1279	EYE	t l + r
tuba1279	WALK	n
tuba1279	SEED	w c + r + n
tuba1279	KILL	m
tuba1279	ROOT	n m s + r
tuba1279	KILL	w
tuba1279	SEE	t m
tuba1279	TOOTH	t m n + r
tuba1279	MOUNTAIN	k v
tuba1279	RED	s w + k + r
tuba1279	PERSON	t m + t + m
tuba1279	HEAD	m
tuba1279	WHAT	h t p
tuba1279	BONE	
tuba1279	HORN (ANATOMY)	h m + t
tuba1279	FEATHER	m s + t
tuba1279	BREAST	w m + r
tuba1279	TREE	 + t
tuba1279	HEART	r + m + l + r
tuba1279	SLEEP	k s
tuba1279	SMALL	j + r
tuba1279	EGG	n + t l + r
tuba1279	DRINK	h
tuba1279	BONE	h + t + r + k
tuba1279	MOUNTAIN	k h
tuba1279	GIVE	m k
tuba1279	DOG	ts c
tuba1279	SUN	t s + l + t
tuba1279	SAY	m w
tuba1279	HAND	s t
tuba1279	DRINK	h
tuba1279	HAIR	w m n + r
tuba1279	SMALL	l
tuba1279	LEAF	s m + r
tuba1279	MOON	m c + t
tuba1279	WATER	w + t
tuba1279	WATER	v + t
tuba1279	LONG	w
tuba1279	ALL	w s t
tuba1279	SAY	m w
tuba1279	SKIN	k c + t
tuba1279	STAR	s
tuba1279	COME	h s
tuba1279	SEE	t m
tuba1279	WE	t
tuba1279	NOSE	n k + s + r
tuba1279	BLACK	t k + r
tuba1279	BITE	k
tuba1279	BIG	w
tuba1279	ONE	h m
tuba1279	EARTH (SOIL)	k v r + t
tuba1279	BONE	 + l
tuba1279	YELLOW	m kʷ s + k r
tuba1279	WHAT	h t k
tuba1279	WHO	h k
tuba1279	WHITE	t s + r
tuba1279	FIRE	t h + m + t
tuba1279	I	n
tuba1279	WOMAN	t l
tuba1279	STONE	t t + t
tuba1279	GOOD	k m w
tuba1279	LOUSE	t + t
tuba1279	EAR	n k + r
tuba1279	BIRD	k l
tuba1279	TWO	n + r
tuba1279	EYE	t l + r
tuba1279	MOUNTAIN	n j k + r
tuba1279	SKIN	k v c
tuba1279	COME	k m
tuba1279	DIE	h
tuba1279	TONGUE	n n + r
tuba1279	TAIL	b k s + r
tuba1279	LIVER	j m t
tuba1279	MOUNTAIN	h + t
tuba1279	DRY	m r + n + r
tuba1279	DIE	h
tuba1279	THOU	p
tuba1279	NAME	t m w + r
tuba1279	BELLY	n j l + r
tuba1279	BLOOD	r + t
tuba1278	HAIR	ts m + l
tuba1278	KNOW (SOMETHING)	m k
tuba1278	SAND	ʃ h p + t
tuba1278	LIE (REST)	t m b ʔ
tuba1278	ONE	tʃ tʃ
tuba1278	DRY	w k
tuba1278	SUN	t + l
tuba1278	LIVER	n m + l
tuba1278	COME	k m
tuba1278	COME	ŋ g m
tuba1278	MANY	j w
tuba1278	LONG	t d
tuba1278	WALK	m
tuba1278	YELLOW	m
tuba1278	BELLY	ʃ p ʃ + t
tuba1278	LEAF	n ŋ h b + l
tuba1278	FOOT	ŋ g + l
tuba1278	EYE	p n ʒ + l
tuba1278	TREE	ʔ + t
tuba1278	LIE (REST)	n d m b ʔ
tuba1278	WE	ŋ l ʔ n
tuba1278	TAIL	w ʃ
tuba1278	ASH	t n g l
tuba1278	WHAT	h n t
tuba1278	STONE	t n + t
tuba1278	EAT	t k
tuba1278	NAME	n d ŋ w
tuba1278	WE	ŋ l ts
tuba1278	WHITE	b ʃ
tuba1278	PERSON	n m
tuba1278	NOSE	m p + t
tuba1278	BLOOD	kʷ
tuba1278	MAN	t t w + l
tuba1278	FIRE	k + t
tuba1278	ROOT	w ʃ
tuba1278	SLEEP	t h k n
tuba1278	NIGHT	t g + l
tuba1278	DRY	w g + t
tuba1278	BREAST	p + l
tuba1278	EGG	p m p + t
tuba1278	EARTH (SOIL)	ʃ w + l
tuba1278	SWIM	p ʔ tʃ
tuba1278	I	n
tuba1278	FEATHER	ŋ
tuba1278	CLOUD	p ʃ m s + t
tuba1278	FLY (MOVE THROUGH AIR)	l + t
tuba1278	SMOKE (EXHAUST)	j
tuba1278	MOON	m j b ʃ + t
tuba1278	FISH	k j + l
tuba1278	COLD	ʃ b + t
tuba1278	RED	m l ʔ m l
tuba1278	ROUND	m l ŋ w + l
tuba1278	KILL	m ʔ k
tuba1278	BARK	p t
tuba1278	KNEE	t ŋ + l
tuba1278	HORN (ANATOMY)	w + t
tuba1278	CLAW	ʃ l n + t
tuba1278	BLACK	d g
tuba1278	BLACK	t g
tuba1278	THAT	w ʔ
tuba1278	BITE	g
tuba1278	SAY	p ŋ g
tuba1278	HEAD	k p
tuba1278	HEAR	h ʔ
tuba1278	GIVE	m h
tuba1278	HEAR	h ʔ
tuba1278	TONGUE	l l n + t
tuba1278	TOOTH	t m n + t
tuba1278	WHO	k t n
tuba1278	MOUTH	t ʔ g
tuba1278	THIS	j
tuba1278	WATER	p + l
tuba1278	THOU	m p
tuba1278	ROUND	m l ʔ ŋ
tuba1278	TWO	w
tuba1278	EAR	n ŋ h + l
tuba1278	WALK	m j
tuba1278	HAND	m + l
tuba1278	BIRD	tʃ k + t
tuba1278	THAT	w n ts l
tuba1278	GREEN	h l ʔ h l ʔ
tuba1278	BONE	 + n
tuba1278	SLEEP	c l m
tuba1278	FULL	p m + t
tuba1278	DOG	p n k
tuba1278	SEED	p n ʒ + l
tuba1278	EAT	t k
tuba1278	KILL	m ʔ g
tuba1278	DRINK	ʔ
tuba1278	NEW	m p t
tuba1278	THAT	n t k l
tuba1278	HEART	ʃ n + l
tuba1278	WHO	k
tuba1278	NECK	k l + n
tuba1278	SMALL	k ʔ z b + l
tuba1278	FAT (ORGANIC SUBSTANCE)	w p + t
tuba1278	GIVE	m h
tuba1278	ALL	p n j
tuba1278	FULL	m b m
tuba1278	GREEN	h l ʔ h l ʔ
tuba1278	BITE	k ʔ + t
tuba1278	BARK	p n
tuba1278	BIG	g w n
tuba1278	NIGHT	t g + t
tuba1278	SEE	t w g + t
tuba1278	DRINK	ʔ + t
tuba1278	COLD	ʃ p
tuba1278	NAME	t ŋ w
tuba1278	LOUSE	n h + l
tuba1278	SLEEP	ts l m
tuba1278	SKIN	p n + t
tuba1278	KNOW (SOMETHING)	m g
tuba1278	SLEEP	t h k n
tuba1278	STAR	ʃ + l
tuba1278	MOUNTAIN	m w + l
tuba1278	WOMAN	k m
tuba1278	GOOD	t w
tuba1278	DIE	m g
tuba1278	WHITE	p ʃ + t
tuba1278	WE	ŋ l
yaqu1251	ROUND	l b l
yaqu1251	WALK	w j
yaqu1251	LIVER	h m m
yaqu1251	HEART	h p s
yaqu1251	BIG	b w ʔ
yaqu1251	ROUND	r b ʔ
yaqu1251	THAT	
yaqu1251	KNEE	t n m
yaqu1251	I	n
yaqu1251	MOUTH	t n
yaqu1251	TONGUE	n n
yaqu1251	FIRE	t h
yaqu1251	EAT	b w ʔ
yaqu1251	BITE	k ʔ
yaqu1251	BONE	t
yaqu1251	DRY	w k
yaqu1251	TAIL	b w s
yaqu1251	YELLOW	s w
yaqu1251	COLD	s b
yaqu1251	LEAF	s w
yaqu1251	RED	s k + ʔ
yaqu1251	NAME	t
yaqu1251	EYE	p s
yaqu1251	BIG	b ʔ
yaqu1251	EGG	k b
yaqu1251	FLY (MOVE THROUGH AIR)	n ʔ
yaqu1251	I	n p
yaqu1251	GREEN	s l
yaqu1251	EARTH (SOIL)	b w
yaqu1251	BARK	b
yaqu1251	HEAR	h k
yaqu1251	FEATHER	m s
yaqu1251	ALL	ts k t
yaqu1251	WHO	h β
yaqu1251	DIE	m k
yaqu1251	WALK	w j
yaqu1251	SAND	s ʔ
yaqu1251	SMOKE (EXHAUST)	b w tʃ
yaqu1251	COLD	s b
yaqu1251	FLY (MOVE THROUGH AIR)	n ʔ
yaqu1251	WHITE	t s ʔ
yaqu1251	FISH	k tʃ
yaqu1251	THIS	
yaqu1251	HAND	m m m
yaqu1251	WHAT	h t
yaqu1251	WOMAN	h m t
yaqu1251	NOSE	j k
yaqu1251	YELLOW	h s
yaqu1251	GOOD	t ʔ
yaqu1251	FOOT	w k
yaqu1251	ONE	s n
yaqu1251	STAR	tʃ k
yaqu1251	COME	k t
yaqu1251	PERSON	j m
yaqu1251	LONG	t b
yaqu1251	CLOUD	n m k
yaqu1251	SAY	h
yaqu1251	HEAD	k b
yaqu1251	CLOUD	n m
yaqu1251	BELLY	t ʔ n
yaqu1251	SLEEP	k tʃ
yaqu1251	THAT	w
yaqu1251	MOUTH	t n
yaqu1251	ASH	n p s
yaqu1251	LIE (REST)	b ʔ
yaqu1251	THAT	w
yaqu1251	GIVE	m k
yaqu1251	SUN	t ʔ
yaqu1251	SMALL	l
yaqu1251	SAY	h w
yaqu1251	ROOT	n w
yaqu1251	SEE	b tʃ
yaqu1251	TREE	k t
yaqu1251	MAN	ʔ
yaqu1251	NIGHT	t k r
yaqu1251	THAT	h
yaqu1251	DIE	m k
yaqu1251	MANY	h b n
yaqu1251	DOG	tʃ ʔ
yaqu1251	KILL	m ʔ
yaqu1251	MOUNTAIN	k w
yaqu1251	STONE	t t
yaqu1251	BLACK	tʃ k l
yaqu1251	DRINK	h ʔ
yaqu1251	BLOOD	h b
yaqu1251	LOUSE	t
yaqu1251	HORN (ANATOMY)	w
yaqu1251	BLACK	tʃ k
yaqu1251	BIRD	w k t
yaqu1251	MOON	m tʃ
yaqu1251	HAIR	tʃ n
yaqu1251	SWIM	β h m
yaqu1251	MOUNTAIN	k
yaqu1251	FULL	t p n
yaqu1251	ROUND	k tʃ
yaqu1251	EAR	n k
yaqu1251	NEW	b m l
yaqu1251	THOU	m p
yaqu1251	CLAW	s t
yaqu1251	FAT (ORGANIC SUBSTANCE)	m n t k
yaqu1251	NECK	k t n
yaqu1251	WE	t p
yaqu1251	BREAST	p p + m
yaqu1251	SEED	b tʃ
yaqu1251	SKIN	b
yaqu1251	TOOTH	t m
yaqu1251	TWO	w
yaqu1251	KNOW (SOMETHING)	h ʔ + n
yaqu1251	WATER	b ʔ
zuni1245	SEED	k
zuni1245	TONGUE	j n
zuni1245	MOON	j tʃ
zuni1245	FAT (ORGANIC SUBSTANCE)	ʔ ʃ + n
zuni1245	SAY	ʔ q
zuni1245	GREEN	ʔ ʃ n
zuni1245	CLOUD	l̥ ʔ w
zuni1245	STONE	ʔ
zuni1245	FULL	p t
zuni1245	HORN (ANATOMY)	s + j
zuni1245	FISH	k ʔ ʃ t
zuni1245	STAR	m ʔ + j tʃ
zuni1245	BITE	ʔ t
zuni1245	WALK	ʔ l + ʃ
zuni1245	LONG	t ʃ
zuni1245	BARK	z ʔ q
zuni1245	MOON	j + ʔ n + k
zuni1245	DRINK	t t
zuni1245	SAND	s
zuni1245	KNEE	ʔ ʃ
zuni1245	CLAW	ʃ n tʃ
zuni1245	ASH	l
zuni1245	HAIR	t j
zuni1245	HAND	ʔ s
zuni1245	NAME	ʃ ʔ
zuni1245	COME	ʔ
zuni1245	EAT	ʔ t
zuni1245	SUN	j t + k
zuni1245	FLY (MOVE THROUGH AIR)	l ʔ j
zuni1245	TWO	q l n
zuni1245	DIE	ʔ ʃ
zuni1245	SKIN	z ʔ q
zuni1245	DRY	k ʔ s
zuni1245	NIGHT	t j l̥
zuni1245	WHITE	k ʔ j
zuni1245	WATER	k ʔ
zuni1245	LOUSE	m
zuni1245	BELLY	k ʔ + p + ʔ n
zuni1245	GIVE	ʔ z ʔ
zuni1245	EYE	t n
zuni1245	RED	ʃ l w
zuni1245	HEAR	j t j w
zuni1245	EARTH (SOIL)	ʔ w t l
zuni1245	BLACK	q ʔ
zuni1245	ROOT	l̥ q + m
zuni1245	SLEEP	j t l
zuni1245	KILL	ʔ n
zuni1245	LIVER	j q l
zuni1245	MOUTH	ʔ w t
zuni1245	ROUND	p z l j
zuni1245	TOOTH	ʔ ʔ n
zuni1245	FEATHER	l
zuni1245	COLD	z ʔ
zuni1245	SAY	q
zuni1245	HAIR	z
zuni1245	TAIL	k ʔ t
zuni1245	NOSE	n ʔ l
zuni1245	FIRE	ʔ k l
zuni1245	SMOKE (EXHAUST)	p k l̥
zuni1245	TAIL	j k t
zuni1245	FOOT	w q
zuni1245	LIE (REST)	ʔ
zuni1245	LEAF	j ʔ + j tʃ
zuni1245	BLOOD	ʔ t
zuni1245	KNOW (SOMETHING)	ʔ n q
zuni1245	BREAST	p ʔ j t
zuni1245	CLOUD	l n
zuni1245	BREAST	m j n
zuni1245	NECK	k ʔ s
zuni1245	SMALL	z ʔ
zuni1245	BIRD	w ʔ + z ʔ + n
zuni1245	BONE	s
zuni1245	EGG	t k k + m ʔ l
zuni1245	MANY	ʔ m
zuni1245	SLEEP	ʔ l
zuni1245	SEE	ʔ n + k ʔ j + k ʔ
zuni1245	MOUNTAIN	j l
zuni1245	SEED	t ʃ
zuni1245	BREAST	q k ʔ
zuni1245	MAN	l̥ ʃ + k ʔ
zuni1245	DOG	w z t
zuni1245	EAR	l ʃ k t
zuni1245	COME	k ʔ l̥ m
zuni1245	TREE	t + t
zuni1245	ONE	t p n t
zuni1245	HEAD	ʔ ʃ q
zuni1245	NEW	tʃ m + ʔ n
zuni1245	WOMAN	k ʔ + n + q j + n
zuni1245	PERSON	j ʔ
zuni1245	BIG	l̥ + n
zuni1245	HEART	ʔ k ʔ n
zuni1245	GOOD	k ʔ k ʃ
zuni1245	GIVE	l̥ j + ʔ
zuni1245	YELLOW	l̥ p z ʔ
