0	_	θˤ	ðˤ
0	_	ɬˤ	ɮˤ
1	_	θ’	ð’
1	_	ɬ’	ɮ’
2	#_	f	v
2	#_	θ	ð
2	#_	s	z
3	#_	f	v 
3	#_	s ̺	z ̺̊
4	#_	f 	v 
4	#_	θ	d
5	#_	θ	ð̥
6	#_	s	z
8	#_	f	v
8	#_	s ̺	z ̺
9	#_	s̪	z̪
12	V_V	ɸ	β
12	V_V	θ	ð
12	V_V	x	ɣ
13	V_	ɸ	β
13	V_	θ	ð
13	V_	s ̺	z
13	V_	̺ x	ɣ
18	V_V	s	z
18	V_V	ṣ	ẓ
18	V_V	ʆ	ʓ
19	V_V	s	z
19	V_V	ṣ	ẓ
19	V_V	ɕ	ʑ
20	V_V	s	z
20	V_V	ṣ	ẓ
20	V_V	ɕ	ʑ
21	V_V	s	z
21	V_V	ṣ	ẓ
21	V_V	ɕ	ʑ
28	V_V	f	v
29	V_V	f	v
30	V_	ɸ	β
31	V_	θ	ð
32	V_V	s	z
32	V_V	ʃ	ʒ
35	V_V	s	z
38	V_V	s	z
39	V_V	s	z
40	V_V	s	z
41	V_	s	z
42	V_	s	z
43	V_V	ʃ	ʒ
46	V_V	ṣ	ẓ
47	V_V	ṣ	ẓ
48	V_	x	ɣ
50	V_	x	ɣ
59	V_V	f	β̥
59	V_V	s	z
59	V_V	̊ ç	ʝ
59	V_V	̊ x	ɣ̊
61	V_#	f	v
61	V_#	s	z
62	_#	θ	ð
63	V_#	θ	ð
64	V_#	s	r
65	V_#	s	r
66	V_#	s	z̊
67	V_#	s	z
68	V_#	d	
91	_	p	b̥
91	_	t	d̥
91	_	ts	dz
91	_	ṯʆ	ḏʑ
91	_	k	g
92	_	ts	dz
93	_	ṯɕ	ḏʑ
95	_	tˤ	dˤ
96	_	q	ɢ
97	_	t’	d’
97	_	k’	g’
98	_	t’	d
99	_	k’	g
100	_	T’ 	D
101	#_	t	d̥
106	#_	p	b̥
106	#_	t	d̥
106	#_	k	ɡ̊
107	#_	ts	dz
130	V_V	p	b
130	V_V	t	d
130	V_V	ṭ	ḍ
130	V_V	ṯʆ	ḏʓ
130	V_V	k	g
131	V_V	p	b
131	V_V	t	d
131	V_V	ṭ	ḍ
131	V_V	ṯʆ	ḏʓ
131	V_V	k	g
134	V_	p	b
134	V_	t	d
134	V_	ṭṣ	ḍẓ
134	V_	k	g
136	V_V	p	b
136	V_V	t	d
136	V_V	k	g
137	V_	p	b
137	V_	t	d
137	V_	k	g
138	V_V	p	b
138	V_V	t	d
138	V_V	k	g
139	V_#	p	b
139	V_#	t	d
139	V_#	k	g
140	V_V	p	b
140	V_V	t	d
140	V_V	ṯʆ	ḏʓ
140	V_V	ṭṣ	ḍẓ
140	V_V	k	g
141	V_	p	b
141	V_	t	d
142	V_	p	b
142	V_	t	d
143	V_	p	b
143	V_	t	d
143	V_	k	g
144	V_	p	b
144	V_	t	d
144	V_	ṯʃ	ḏʒ
146	V_V	p	b
146	V_V	t	d
149	V_V	p	b
149	V_V	t	d
149	V_V	ṭ	ḍ
149	V_V	k	g
154	V_	p	b
154	V_	t	d
154	V_	k	g
156	V_V	p	b
158	V_V	ts	dz
158	V_V	ṯʃ	ḏʒ
160	V_V	ṭṣ	ḍẓ
163	V_	kʷ	gʷ
174	V_#	t	d̥
175	V_#	t	d
203	V_V	pʰ	b̤ʱ
203	V_V	tʰ	d̤ʱ
203	V_V	ṭʰ	ḍ̈ʱ
203	V_V	kʰ	g̈ʱ
238	V_V	ɬ ̣̣	l
239	_	l ̥	l
240	_	ɬ	l
240	_	ɬʲ	ḻʲ
241	#_	m̥	m
241	#_	l ̥	l
241	#_	r ̥	r
242	_	n̥	n
242	_	l ̥	l
242	_	r ̥	r
250	_	b	β
250	_	d	ð
250	_	g	ɣ
251	_	b	v
251	_	d	ð
251	_	g	ɣ
252	_V	b	β
252	_V	d	ð
253	_	b	β
254	_	b	v
255	_	g	ɣ
256	#_	g	ɣ
258	_	g	ɣ
259	_	g	ɣ
260	_	g	ɣ
264	_	g	ɣ
265	_	ɟ	ʝ
266	_	ɟ	ʝ
268	_	ɟ	ʝ
272	_	p	ɸ
272	_	k	x
273	_	p	f
274	_	p	f
276	#_	p	f
277	_	p	ɸ
278	#_	p	f
279	#_	p	f
280	#_	p	xʷ
281	_	p	ɸ
282	_	k	x
283	_	k	x
298	V_	b	β
298	V_	d	ð
298	V_	g	ɣ
300	V_V	b	β
300	V_V	d	ð
300	V_V	g	ɣ 
301	V_V	b	β
301	V_V	d	ð
301	V_V	g	ɣ
302	V_V	b	β
302	V_V	d	ð
302	V_V	ḍ	ɾ̣
302	V_V	g	ɣ
306	V_	b	β
306	V_	d	ð
306	V_	g	ɣ
307	V_	b	v
307	V_	d	ð
307	V_	g	ɣ
309	V_	b	β
309	V_	d	ð
309	V_	g	ɣ
310	V_	b	β
310	V_	d	ð
310	V_	g	ɣ
311	V_V	b	β
311	V_V	d	ð
311	V_V	g	ɣ
313	V_	b	β
313	V_	d	ð
313	V_	g	ɣ
314	V_	b	v
314	V_	d	ð
314	V_	g	ɣ
315	V_V	b	β
315	V_V	d	ð
315	V_V	g	ɣ
318	V_V	b	β
318	V_V	d	ð
319	V_	b	β
319	V_	ɡ	ɣ
320	V_V	b̥	β
320	V_V	ɡ̊	ɣ
321	V_V	d	ð
321	V_V	g	ɣ
322	V_V	d	ð
322	V_V	g	ɣ 
323	V_	d	ð
323	V_	g	ɣ
327	V_	b	β
329	V_V	b	v
330	V_	b	v
331	V_	b	β
332	V_V	b	β
334	V_V	b̥	β
337	V_V	d	ð
338	V_V	d	ð
339	V_V	d	ð
340	V_V	d	ð
341	V_V	d̥	ð
344	V_V	d	ð
345	V_V	d	ɹ
346	V_V	d	ɹ ̝
349	V_V	g	ɣ
354	V_	ɡ̊	ɣ
355	_	g	ɣ
359	V_V	ɟɟ	ʝ
360	V_V	ɟɟ	ʝʝ
361	V_V	ɟ	ʝ
364	V_V	ɟ	ʝ
365	V_	ɟ	ʝ
384	V_V	p	f
384	V_V	t	s
384	V_V	̪ k	x
387	V_V	p	ɸ
388	V_	t	θ
389	V_	t	ð
390	V_V	ṭ	ṣ
391	V_	k	x
391	V_	k’	x’
391	V_	kʷ	xʷ
391	V_	kʷ’	xʷ’
392	V_C	k’	x’
393	V_	k	x
395	V_V	k	x
397	V_V	k	x
400	_C	p	ɸ
400	_C	t	θ
400	_C	k	x
419	_#	k	x
441	_	pʰ	ɸ
441	_	tʰ	θ
441	_	kʰ	x
442	#_	pʰ	f
442	#_	tʰ	θ
442	#_	kʰ	x
442	#_	kʷʰ	xʷ
444	_	pʰ	ɸ
444	_	tʰ	θ
444	_	kʰ	x
445	_	tʰ	
446	_	pʰ	f
447	_	pʰ	f
448	_	pʰ	ɸ
448	_	kʰ	x
449	_	pʰ	ɸ
450	#_	pʰ	ɸ
451	_	pʰ	ɸ
453	_	kʰ	x
454	_	kʰ	x
455	_	kʰ	x
456	_	kʰ	x
458	V_V	b̤ʱ	β̤ʱ 
458	V_V	d̤ʱ	ð̤̤ʱ 
458	V_V	g̈ʱ	γ̈ʱ 
461	V_V	b̤ʱ	β
461	V_V	d̤ʱ	ð
462	V_V	bʱ̤	βֵ
462	V_V	dʱ̤	ðֵ
462	V_V	gʱ̈	ɣֵ
463	V_V	b̤ʱ	β
463	V_V	d̤ʱ	ð
464	_	b̤ʱ	β
464	_	gʰ	ɣ
465	V_V	pf	ff
465	V_V	ts̪̪	ss̪
465	V_V	̪ kx	xx
467	V_	pʰ	ɸ
467	V_	tʰ	s
467	V_	kʰ	x
468	#_	pf	f
469	#_	kx	x
478	_	ts	s
478	_	dz	z
478	_	ts’	s’
479	_	ts	s
479	_	dz	z
479	_	ts’	s’
480	_	ts	s
480	_	dz	z
480	_	ts’	s’
481	_	ts	s
481	_	ṭṣʰ	ṣ
481	_	dz	z
482	_	ts	s
482	_	dz	z
483	_	ts	s
483	_	dz	z
484	_	ts	s
484	_	dz	z
485	_	ts	s
485	_	dz	z
486	_	ts	s
486	_	dz	z
488	_	ṯʆ	ʆ
488	_	ṯʆ’	ʆ’
488	_	ḏʓ	ʓ
489	_	ṯʃ	ʃ
489	_	ḏʒ	ʒ
489	_	ṯʃ’	ʃ’
490	_	ṯʃ	ʃ
490	_	ḏʒ	ʒ
491	_	ṯʃ	ʃ
491	_	ḏʒ	ʒ
492	_	ṯʆ	ʃ
492	_	ḏʓ	ʒ
493	_	ṯɕ	ɕ
493	_	ḏʑ	ʑ
496	_	ts	s
496	_	̪ ts’	s’̪
496	_	dz	z̪
497	_	ts	s
497	_	̪ dz	z̪
498	_	ts	s̪
499	_	ts	s
499	_	̪ dz	z̪
500	_	ts	s
500	_	̪ dz	z̪
501	_	ts	s
501	_	̪ dz	z̪
504	_	ṭṣ	ṣ
504	_	ṯɕ	ɕ
505	_	ṭṣ	ṣ
505	_	ṯʆ	ʆ
506	_	ts	s ̀
507	_	ts	s ̺
508	_	ts	s̪ 
509	_	ts	ss
513	_	ts	s
514	_	ts	s
515	_	ts	s
516	_	ts	s
517	_	ts	s
518	_	ts	s
520	_	ts	s
524	_	tts	ss
525	_	ṯʆ	s ̺
526	_	ṯʃ	ʃ
527	_	ṯʃ	ʃ
528	_	ṯʃ	ʃ
529	_	ṯʆ	ʆ
530	_	ṯʆ	ʆ
531	_	ṯʆ	ʆ
532	_	ṯʆ	ʆ
533	_	ṯʆ	ʆ
534	_	ṯʆ	ʆ
535	_	ṭṣ	ṣ
536	_	ṭṣ	ṣ
537	_	ṭṣ	ṣ
538	_	ṭṣ	ṣ
540	_	ṯɕ	ɕ
542	_	ṯʆ	ʆ
543	_	ṯʆ	ʆ
546	_	ṯɕ	ɕ
547	_	ṯɕ	ɕ
548	_	ṯɕ	ɕ
549	_	ṯɕ	ɕ
550	_	dz	z
550	_	ḍẓ	ẓ
551	_	dz	z
551	_	ḏʓ	ʓ
552	_	dz	z
552	_	ḏʓ	ʓ
554	_	dz	z
554	_	ḏʓ	ʓ
555	_	dz	z
555	_	ḏʒ	ʒ
556	_	dz	z
557	_	dz	z
558	_	dz	z
559	_	dz	z
561	_	dz	z
562	_	dz	z
563	_	dz	z̪
564	_	dz	z
565	_	dzʲ	zʲ
566	_	dzʲ	zʲ
568	_	ḏʓ	ʓ
569	_	ḏʓ	ʓ
570	_	ḏʓ	ʓ
571	_	ḏʓ	ʓ
573	_	ḏʒ	ʒ
574	_	ḏʒ	ʒ
576	_	ḏʒ	ʒ
577	_	ḏʒ	ʒ
578	_	ḏʒ	ʒ
579	_	ḏʒ	ʒ
581	_	ḏʓ	ʓ
582	#_	ḍẓ	ẓ
583	_	ḏʓ	ʓ
586	_	ḏʑ	ʓ
587	_	ḏʑ	ʑ
590	V_	ṯʃ	ʃ
590	V_	ḏʒ	ʒ
593	V_V	ts	s
593	V_V	ṯʆ	ʆ
594	V_	dz̤	z
594	V_	ḏʑ̈	ʑ
596	V_	ḏʓ	ʓ
599	V_	ḏʒ	ʒ
601	V_V	ḏʓ	ʓ 
602	V_V	ḏʓ	ʓ 
603	V_V	ḏʓ	ʓ
604	V_	ḏʓ	ʓ
605	V_V	ḏʑ	ʑ
606	V_V	ṭṣ	ṣ
606	V_V	ṯɕ	ɕ
607	V_V	ṯʆ	ʆ
609	V_	ṭṣ	ṣ
610	V_	ṯɕ	ɕ
611	V_	ṯɕ	ɕ
612	#_	ts	s
613	#_	ts	s
614	#_	ts	s
615	#_	tsʲ	sʲ
616	#_	ṯʃ	ʃ
617	#_	ṭṣ	ṣ
618	#_	ḏʒ	ʒ
619	#_	ḏʒ	ʒ
621	_	tsʰ	s
621	_	d̤z̤ʱ	z
622	_	tsʰ	s
623	_	ts	s
624	_	ṯʆʰ	ʆ
625	V_V	ṭṣʰ	ṣ
626	#_	ṭṣʰ	ṣ
630	_C	ts	s
630	_C	dz	z
630	_C	ṯʆ	ɕ
630	_C	ḏʓ	ʑ
644	_C	ṯʆ	ʆ
647	_#	ṭṣ	ṣ
650	V_#	ḏʑ	j
671	V_V	m	β
672	V_V	m	β̃
673	V_V	m	β
675	V_#	m	v
676	V_V	ŋ	ɣ̃
677	V_V	ŋ	ɣ
678	V_V	ŋ	ɣ
679	V_V	ŋ	ɣ
680	V_V	ŋ	ɣ
685	#_	ɺ ̝	ẓ
686	_	ɹʲ̝	ʓ
687	_	ɹ ̝̊	ṣ
687	_	ɹ ̝	ẓ
688	_V	d	l 
689	V_V	ḍ	ɺ ̣ 
689	V_V	ḍ̈ʱ	ɺʱ̣ 
690	_	ḍ	ḷ
691	_	d	l
692	_	d	l
693	_	ḍ	ḷ 
694	_	ḍ	ḷ
695	V_V	ḍ	ɾ ̣ 
695	V_V	ḍ̈ʱ	ɾʱ̣ 
696	V_V	ḍ	ɾ̣ 
696	V_V	ḍ̈ʱ	ɾ̣ʱ 
697	V_V	ḍ	ɾ̣ 
697	V_V	ḍ̈ʱ	ɾ̣ʱ 
698	V_V	ḍ	ɾ̣ 
698	V_V	ḍ̈ʱ	ɾ̣ʱ
699	_	ḍ	ɾ̣
700	V_V	ḍ	ɺ ̣
701	V_V	ḍ	ɾ̣
702	_	ḍ	ɾ̣
703	V_V	d	ɾ
704	V_V	d	r
705	V_V	d	ɾ
706	V_V	d	r
707	V_	d	r
708	V_V	d	r
709	V_V	d	r
710	#_	d	l
710	#_	ḍ	 l
711	#_	ḍ	ɾ̣
712	_	ð	l
712	_	ðʱ	lʱ
713	_	ð	l
714	_	ð	l
715	_	ð	l
716	_V	ð	l
717	_	ð	l 
718	_	ð	l
719	_	ð	l
720	_	ð	l
724	V_V	ð	l
725	V_V	ẓ	 ɺ 
726	_	ɻ ̝	ɺ 
727	_	ɻ ̝	ɺ ̣
728	V_V	ɻ ̝	l
729	V_V	ẓ	ɺ ̣
730	_	ð	l
730	_	ðʲ	ʎ
731	_	ð	l
732	_	ð	l
732	_	ðʲ	ʎ
733	_	ð	l
734	_	ɮˤ	lˤ
735	_	ð	r
736	V_V	ð	r
737	V_	ð	r
739	V_V	ð	ɾ
740	V_V	ð	r
742	V_V	ð	r
743	V_	ð	r
744	V_V	ð	r
745	V_V	ð	r
747	V_V	ð	r
748	_	ð	r
749	V_V	ɻ ̝	ɽ
752	_	ɹ ̝	r
755	V_	ɹ ̝	r
756	V_	ɹ ̝	r
759	_	θ	l
759	_	ð	l
760	_	θ	l
762	V_V	ɬ ̣	l
764	_	ɬ	l
764	_	̥ ɬʲ	 lʲ̥
765	_	z	ɹ ̝
766	_	z	ɹ ̝
767	V_V	z	r
768	V_V	z̺	r
769	V_V	z̺	r
770	_	z̺	r
773	V_#	s	r
774	V_#	s	r
775	_#	z	r
780	_#	p	p
780	_#	t	t
780	_#	k	k
781	_	l	ɾ
782	_	ł	r
784	V_V	l	ɾ
785	V_V	l	ɻ
786	V_V	l	ɾ
787	V_V	l	ɾ
789	V_V	l	ɾ
792	V_V	ḷ	ɾ̣
794	V_	ḷ	ɺ ̣
800	V_C	l	ɾ
801	V_C	l	ɾ
803	V_C	l	ɾ
805	_	ṛ	ɺ ̣
806	_	r	ɹ
807	V_	ɾ̣	ɻ
809	V_V	r	ɾ
812	V_V	ɾ ̣	ɹ ̣
813	#_	r	ɻ ̝
816	V_V	ḻʲ	ɹ ̝
818	V_V	ð	ɹ
819	V_	ð	ð̞
820	V_V	ð	j 
820	V_V	ʓ 	j ‹y‹
820	V_V	ɣ	j 
821	V_V	ð	j ‹y‹
821	V_V	ʓ	j ‹y,j‹
821	V_V	ɣ	j 
822	V_	β	w
822	V_	ð	j
822	V_	ɣ	j
824	_	ʝ	j
825	_	ʝ	j
831	V_V	ʝ	j
832	_	ʝ	j
835	V_V	ʝ	j
836	_	ʝ	j
837	_	ʝ	j
841	V_	β	w
841	V_	ð	j
843	V_	β	w
843	V_	ð	j
844	V_	β	w
844	V_	ð	j
845	V_	β	w
845	V_	ð	j
848	_	β	w
848	_	ɣ	w
850	_	ʓ	j
850	_	ɣ	w
851	_	β	w
852	_	β	w
853	_	β	w
854	_	v	w
855	_	β	w
856	_V	v	w
857	_	β	w
859	_	β	w
863	V_	β	w
864	V_	β	w
865	V_	β	w
866	V_	β	w
867	V_	β	w
869	V_	v	w
871	V_V	β	w
872	V_V	ð	j
873	V_	ð	j
874	V_	ð	j
876	V_V	z	j
876	V_V	ẓ	j
876	V_V	ʓ	j
877	V_	z	j
879	V_V	ẓ	j
880	V_V	ẓ	j
881	V_V	ʓ	j
882	V_V	ʓ	j
883	V_V	ɣ	j
884	V_V	ɣ	j
886	V_	ɣ	j
890	V_V	ɣ	w
892	V_#	ɣ	β
893	_	ɣ	w
894	V_V	ɣ	w
897	_	ɣʷ	w
915	V_#	ʑ	j
922	V_#	ɣ	w
950	_C	ɣ	i̯
952	_C	ɸ	w
952	_C	θ	w
952	_C	x	w
953	V_C	f	w
957	C_	ɣ	j
969	V_#	s ̺	j
971	_	gʷ	w
973	_	gʷ	w
975	#_	gʷ	w
976	V_V	m	w
977	V_V	mʷ	w̃
978	V_V	m	w̃
979	V_V	m	w
980	V_V	m	w
982	V_V	m	w
982	V_V	mʲ	wʲ
983	V_V	m	w
987	V_#	m	w
991	V_V	n	ɻ ̃
992	V_V	n	r
993	V_V	n	ɾ ̃
994	V_V	ṇ	ṛ ̃
995	V_V	ṇ	ɾ ̣̃
996	V_	ṇ	ɺ ̣
997	V_V	ṇ	ɾ ̣̃
999	_	ɲ	j
1000	_	ɲ	j
1001	_	ṉʲ	j
1002	V_V	ṉʲ	j
1009	V_V	ł	w
1010	_	ł	w
1012	_	ł	w
1015	V_C	ł	w
1016	V_C	ł	w
1018	V_C	ł	w
1020	V_C	ł	w
1021	V_C	ł	w
1022	V_C	ł	w
1031	_	ʎ	j
1032	_	ʎ	j
1033	_	ʎ	j
1034	_	ʎ	j
1035	_	ʎ	j
1036	_	ʎʎ	j
1037	_	ʎʎ	jj
1038	_	ʎ	j
1039	_	ʎ	j
1040	_	ʎ	j
1041	_	ʎ	j
1042	_	ʎ	j
1043	_	ʎ	j
1044	_	ʎ	j
1045	_	ʎ	j
1046	_	ʎ	j
1047	#_	ʎ	j
1048	_	ʎ	j
1049	_	ʎ	j
1050	_	ʎ	j
1053	V_C	ʎ	j
1062	_	ʎ	j
1063	_	ʀ	ʁ̞
1064	_	ʀ	ʁ̞
1069	V_C	r	ɐ
1081	V_C	ɣ	ə
1086	_	Tʰ	T
1086	_	D̤ʱ	D
1087	_	Tʰ	T
1087	_	D̤ʱ	D
1088	_	Tʰ	T
1088	_	D̤ʱ	D
1089	_	pʰ	p
1089	_	kʰ	k
1090	_	tsʰ	ts
1091	_	kʰ	k
1100	_	D̤ʱ	D
1101	_	D̤ʱ	D
1102	_	D̤ʱ	D
1103	_	D̤ʱ	D
1104	_	b̤ʱ	b
1104	_	d̤ʱ	d
1104	_	d̤z̤ʱ	dz
1104	_	d̤ʒ̈ʱ	ḏʒ
1104	_	g̈ʱ	g
1105	#_	b̤ʱ	b
1105	#_	d̤ʱ	d
1105	#_	d̤z̤ʱ	dz
1105	#_	d̤ʒ̈ʱ	ḏʒ
1105	#_	g̈ʱ	g
1106	_	bʰ	b
1106	_	dʰ	d
1106	_	gʰ	g
1106	_	dʲʰ	dʲ
1106	_	gʲʰ	gʲ
1107	_	bʱ̤	b
1107	_	d̤ʱ	d
1107	_	ɟʱ̈	ɟ
1107	_	g̈ʱ	g
1107	_	g̈ʷʱ	gʷ
1108	_	b̤ʱ	b
1108	_	d̤ʱ	d
1108	_	d̤z̤ʱ	dz
1108	_	d̤ʑ̤ʱ	ḏʑ
1108	_	g̈ʱ	g
1109	_	b̤ʱ	b
1109	_	d̤ʱ	d
1109	_	d̤z̤ʱ	dz
1109	_	d̤ʑ̤ʱ	ḏʑ
1109	_	g̈ʱ	g
1110	_	ʑʱ	ḏʑ
1110	_	g̈ʱ	g
1111	_	bʱ̤	b
1111	_	d̤ʱ	d
1111	_	ɟʱ̈	ɟ
1111	_	g̈ʱ	g
1112	_	b̤ʱ	b
1112	_	d̤ʱ	d
1112	_	g̈ʱ	g
1112	_	g̈ʷʱ	gʷ
1113	_	b̤ʱ	b
1113	_	d̤ʱ	d
1113	_	g̈ʱ	g
1113	_	g̈ʷʱ	gʷ
1114	_	b̤ʱ	b
1114	_	d̤ʱ	d
1114	_	d̤ʑ̤ʱ	ḏʑ
1114	_	g̈ʱ	g
1121	_#	D̤ʱ	D
1122	_C	D̤ʱ	D
1128	_	tts	tt
1128	_	ddz	dd
1129	_	tts	tt
1129	_	ddz	dd
1130	_	tts	tt
1130	_	ddz	dd
1131	_	tts	tt
1132	_	d̤z̤ʱ	d̤ʱ
1133	_	ts’	t’
1134	_	ṭṣ	ṭ
1136	_	ṭṣ	ṭ
1137	_	ṭṣ	ṭ
1138	_	ṭṣ	ṭ
1139	_	kkx	kk
1140	_	kx	kʰ
1158	_	ṯɕ	c 
1233	_	s	h
1237	_	s	h
1240	_	s ̺	h
1242	_	s̪	h
1243	#_	s	x
1244	_	s	h
1245	_	ʃ	h
1246	V_V	ʃ	h
1247	_	ʃ	h
1248	#_	ʃ	h
1250	V_V	s	h
1251	V_V	s	h
1253	V_V	s	h
1254	V_V	s	h
1255	V_V	s	h
1273	V_#	s	s
1274	V_C	s ̺	h
1276	V_V	f	h
1276	V_V	θ	h
1276	V_V	x	h
1284	V_V	f	h
1285	_	f	h
1286	_	ɸ	h
1287	_	θ	h
1288	_	θ	h
1289	_	θ	h
1291	_	θ	h
1291	_	θʲ	hʲ
1293	_	θ	h
1294	V_	θ	h
1296	_	θθ	hh
1298	#_	ç	h
1299	_	ç	h
1301	_	x	h
1303	_	xʷ	hʷ 
1304	_	xʷ	hʷ
1305	_	xʷ	hʷ
1306	_	x	h
1307	_	x	h
1308	_	x	h
1309	_	x	h
1310	_	x	h
1314	_	x	h
1316	_	x	h
1317	_	x	h
1318	_	χ	h
1320	V_V	x	h
1321	V_V	x	h
1322	V_	x	h
1327	#_	x	h
1344	V_#	x	h
1345	#_	ɣ	ɦ
1346	_	ɣ	h
1348	_	ɣ	ɦ
1349	_	ɣ	ɦ
1350	_	ɣ	ɦ
1351	V_V	ð	h
1352	V_#	d	
1353	V_V	βʱ 	ɦ
1353	V_V	ðʱ 	ɦ
1353	V_V	ɣʱ	ɦ
1355	_	k	ʔ
1355	_	c	ʔj
1356	_	q	ʔ
1358	_#	ṭ	ʔ
1358	_#	k	ʔ
1359	_#	k	ʔ
1360	_#	t	ʔ
1361	_#	k	ʔ
1362	_#	t	ʔ
1363	_	d̤ʑʱ̤	ɦ
1365	V_V	b̤ʱ	ɦ
1365	V_V	d̤ʱ	ɦ
1365	V_V	g̈ʱ	ɦ
1366	_#	n	ʔ
1366	_#	ŋ	ʔ
1368	#_	T	0
1371	V_V	d	0
1372	V_V	g	0
1375	_#	D	0
1376	_#	D	0
1377	_#	D	0
1378	_#	d̥̚	0
1379	_#	tʰ	0
1380	_#	t	0
1381	V_#	t	0
1386	_#	d	0
1387	_C	d	0
1388	V_#	d	0
1389	_#	d	0
1390	_#	d	0
1391	V_#	d	0
1392	_#	ḏʒ	0
1394	_#	k	0
1395	V_#	k	0
1396	V_#	k	0
1413	V_V	β	0
1413	V_V	ð	0
1413	V_V	ɣ	0
1415	V_V	ð	0
1415	V_V	ɣ	0
1417	V_	ð	0
1417	V_	ɣ	0
1418	V_V	ð	0
1418	V_V	ɣ	0
1420	V_V	ð	0
1420	V_V	ɣ	0
1421	V_	ð	0
1421	V_	ɣ	0
1423	V_V	ð	0
1423	V_V	ɣ	0
1425	_	ð	0
1425	_	ɣ	0
1426	V_V	β	0
1427	V_V	βʲ	0
1428	V_	ð	0
1429	V_	ð	0
1430	V_V	ð	0
1431	V_V	ð	0
1432	V_	ð	0
1433	V_	ð	0
1434	V_V	ð	0
1435	V_V	ð	0
1437	V_V	ð	0
1438	V_	ð	0
1440	V_V	ð	0
1441	V_V	ð	0
1442	V_V	ð	0
1444	V_V	ð	0
1445	V_V	ð	0
1446	V_	ð	0
1452	V_	ɣ	0
1453	V_V	ɣ	0
1454	V_V	ɣ	0
1455	V_V	ɣ	0
1456	V_	ɣ	0
1459	V_V	ɣ	0
1460	V_V	ɣ	0
1461	V_V	ɣ	0
1462	V_V	ɣ	0
1463	V_V	ɣ	0
1464	V_V	ʁ	0
1465	V_#	β	0
1465	V_#	βʲ	0
1467	V_#	ð	0
1468	V_#	ð	0
1469	V_#	ð	0
1477	V_#	ɣ	0
1478	V_#	ɣ	0
1482	_#	ɣ	0
1568	_#	θ	0
1571	V_#	s	0
1572	_#	s	0
1573	_#	s	0
1574	_#	ʆ	0
1574	_#	ṣ	0
1575	V_#	ṣ	0
1576	_#	x	0
1577	_#	x	0
1631	_	h	0
1633	_	h	0
1634	_	h	0
1635	_	h	0
1637	_	ɦ	0
1638	_	ɦ	0
1639	_	ɦ	0
1640	_	h	0
1641	_	h	0
1642	_	h	0
1643	_	h	0
1644	_	h	0
1645	_	h	0
1646	_	h	0
1647	_	h	0
1648	_	h	0
1649	_	h	0
1650	_	h	0
1651	_	h	0
1652	_	hʷ	w
1653	_	hʷ	w
1654	_	hʷ	w
1656	V_V	ɦ	0
1657	V_V	ɦ	0
1658	V_	h	0
1659	V_	h	0
1662	V_V	h	0
1663	V_V	h	0
1664	V_V	h	0
1665	V_V	h	0
1666	V_V	h	0
1667	V_V	h	0
1668	V_V	h	0
1672	V_	h	0
1673	V_V	h	0
1679	V_V	h	0
1680	V_V	h	0
1681	_	h	0
1682	V_V	h	0
1698	V_#	h	0
1699	_#	h	0
1700	_#	h	0
1703	_#	h	0
1705	#_	h	0
1706	#_	h	0
1707	#_	h	0
1708	#_	h	0
1710	#_	ɦ	0
1711	#_	h	0
1712	#_	h	0
1731	_	h	ʔ
1732	#_	h	ʔ
1733	_	h	ʔ
1734	_	ɦ	ʔ
1736	_	ħ	0
1736	_	ʕ	0
1739	_	ʕ	0
1741	_	ħ	0
1741	_	ʕ	0
1744	V_V	ʔ	0
1747	_	ʔ	0
1749	V_#	ʔ	0
1750	V_V	ʔ	0
1756	_#	ʔ	0
1757	_#	ʔ	0
1758	V_V	m	0
1761	V_V	n	0
1771	V_#	N	0
1778	V_#	n	0
1779	_#	n	0
1781	_#	n	0
1782	_#	n	0
1783	_#	n	0
1784	V_#	n	0
1789	V_#	N	0
1791	_#	n	0
1792	_#	n	0
1804	V_C	N	0
1883	V_#	r	0
1883	V_#	ɾ̣	0
1884	V_#	r	0
1885	V_#	r	0
1885	V_#	ɻ	0
1889	_#	r	0
1890	_#	ɾ	0
1891	_#	ɾ	0
1894	_#	l	0
1896	V_V	ʎ	0
1898	V_V	ł	0
1899	V_V	l	0
1899	V_V	r	0
1900	V_V	ɾ	0
1901	V_V	ɾ̣	0
1906	_C	r	0
1932	_C	l	0
1935	V_C	l	0
1939	C_	r	0
1947	#_	w	0
1951	V_V	j	0
1951	V_V	w	0
1954	V_V	j	0
1954	V_V	w	0
1955	V_V	j	0
1955	V_V	w	0
1957	V_V	j	0
1958	V_	j	0
1959	V_V	j	0
1961	V_V	j	0
1964	V_V	j	0
1965	V_V	j	0
1966	V_V	j	0
1968	V_V	j	0
1970	V_V	w	0
1971	V_V	w	0
1972	V_V	w	0
1973	V_V	w	0
1974	V_V	w	0
1975	V_V	w	0
1978	V_V	w	0
1979	V_	w	0
1981	V_V	w	0
1982	V_V	w	0
1983	V_V	w	0
1986	_#	j	0
1989	_#	j	0
2021	C_	j	0
2028	C_	w	0
2029	C_	w	0
2030	C_	w	0
2156	_	C:	C
2158	_	C:	C
2159	_	C:	C
2160	_	C:	C
2161	_	C:	C
2162	_	C:	C
2163	_	C:	C$
2164	_	C:	C
2165	_	C:	C
2166	_	C:	C
2167	_	T:	T
2168	_	C:	C$
2169	_	C:	C$
2170	_	C:	C$
2172	_	T:	T
2173	_	T:	T
2174	_	T:	T
2175	_	T:	T
2176	_	T:	T
2177	_	ḍḍ	ḍ
2178	_	rr	r
2179	_	ll	l
2180	_	nn	n
2181	V_V	ww	w
2200	C_	CC	C
2202	_#	C:	C
2203	_#	C:	C
2219	_	b	b̥
2219	_	d	d̥
2219	_	g	ɡ̊
2221	_	b	b
2221	_	̥ d	d̥
2221	_	ɟ	ɟ
2221	_	̊ g	ɡ ̊
2222	_	b	b
2222	_	̥ d	d̥
2222	_	ɟ	ɟ
2222	_	̊ g	ɡ ̊
2223	_	d	d̥
2224	_	b	b̥
2224	_	d	d̥
2224	_	g	ɡ̊
2225	_	b	p
2225	_	d	t
2225	_	dz	ts
2225	_	g	k
2225	_	gʷ	kʷ
2226	_	b	p
2226	_	d	t
2226	_	ḏʑ	ṯɕ
2226	_	g	k
2227	_	b	p
2227	_	d	t
2227	_	g	k
2227	_	gʷ	kʷ
2228	_	d̥	t
2230	_	ʁ	q
2231	_	ɢ	q
2232	_	ddz	tts
2233	_	ḏʒ	ṯʃ
2234	_	ḏʒ	ṯʃ
2235	_	ð	θ
2235	_	z ̺	s
2235	_	̺ ʒ	ʃ
2236	_	z ̺	s
2236	_	̺ ʒ	ʃ
2237	_	z	s
2238	_	v	f
2238	_	ʝ	ç
2238	_	ɣ	x
2239	_	v	f
2239	_	z	s
2239	_	ʁ	χ
2241	_	v̊	f
2241	_	z̊	s
2242	V_V	ð	θ
2243	_	z̊	s
2245	_	ʓ	ʆ
2246	_	ʁ	χ
2247	_	ʁ	χ
2248	_	D	D̥
2250	_	D	D̥
2251	_	d	t
2251	_	g	k
2253	_	d	t
2254	_	D	D̥
2255	#_	D	T
2256	#_	d̥	t
2257	#_	b̥	p
2257	#_	ɡ̊	k
2258	#_	d̥	t
2259	#_	b	p
2259	#_	d	t
2259	#_	g	k
2260	#_	ɟ	c
2260	#_	gʷ	kʷ
2261	_	D:	T:
2261	_	Z:	S:
2262	_	D̥:	T:
2263	_	bb	pp
2264	_	d̥d̥	tt
2265	_	ɡ̊ɡ̊	kk
2268	_	dd	tt 
2270	#_	v	f
2270	#_	z	s
2270	#_	ɣ	x
2271	#_	v	f
2273	#_	β	ɸ
2274	#_	ð	θ
2276	#_	z	z̊
2277	#_	ʝ	ç
2278	_	ʎ	ç
2336	_	D̤ʱ	Tʰ
2337	_	D̤ʱ	Tʰ
2340	_	b̤ʱ	pʰ
2340	_	d̤ʱ	tʰ
2340	_	g̈ʱ	kʰ
2340	_	g̈ʷʱ	kʷʰ
2341	#_	b̤ʱ	pʰ
2341	#_	d̤ʱ	tʰ
2341	#_	g̈ʱ	kʰ
2341	#_	g̈ʷʱ	kʷʰ
2345	_	D̤ʱ	T
2346	_	l	ɬ
2346	_	ḻʲ	ɬʲ
2347	_	l	ɬ
2349	#_	m	m̥
2349	#_	l	l ̥
2350	#_	r	r̥
2383	_	f	p
2384	_	θ	t
2384	_	ð	d
2384	_	ðˤ	dˤ
2385	_	θ	t
2385	_	ð	d
2385	_	θ’	t’
2387	_	θ	t
2387	_	ð	d
2388	_	θ	tʰ
2388	_	ð	d
2389	_	θ	t
2389	_	ð	d
2391	_	θ	t
2391	_	ð	d
2392	_	θ	t
2392	_	̪ ð	d̪
2393	_	θ	t
2393	_	ð	d
2399	_	f	p
2399	_	θ	t
2399	_	x	k
2403	_	θ	t
2405	_	θ	t
2406	_	θ	t
2407	_	θ	t
2410	#_	θ	t̪
2411	_#	θ	t
2412	_#	θ	t̪
2413	#_	θ	t
2414	_#	θ	t
2416	_	θ	t
2417	_	θ	t
2418	_	θθ	tt
2420	_	x	k
2421	_	χ	q
2422	_	x	kʰ
2423	_	x	k
2424	V_	x	kʰ
2425	#_	x	kʰ
2427	_#	x	k
2428	_	ɸɸ	pp
2428	_	θθ	tt
2428	_	xx	kk
2429	_	θθ	tt
2430	_	β	b
2430	_	ð	d
2430	_	ʁ	ɢ
2432	_	ð	d
2432	_	ɣ	g
2433	_	ð	d
2433	_	ɣ	g
2434	V_V	v	b̥
2434	V_V	ɣ	ɡ̊
2435	_	β	b̥
2435	_	ɣ	ɡ̊
2436	_	β	b
2436	_	ð	d
2436	_	ɣ	g
2437	_	β	b
2437	_	ð	d
2437	_	ɣ	g
2438	_	β	b
2438	_	ð	d
2438	_	ɣ	g
2439	_	β	b
2441	V_V	v	b̥
2442	_	v	b
2443	_	ð	d
2444	_	ð	d
2444	_	ðˤ	dˤ
2445	_	ð	d
2446	_	ð	d
2447	_	ð	d
2448	V_V	ð	d
2449	_	ð	d
2450	_	ð	d
2451	V_V	ð	d
2452	_	ð	d
2453	_	ð	d
2454	V_V	ð	d̪
2455	_#	ð	d
2456	_	ð	d
2457	_	ð̥	d̥
2458	_	ðð	dd
2461	V_	ð	d
2462	V_V	ð	d
2464	_	ɣʲ	gʲ
2465	_	ɣ	g
2466	_	ɣ	g
2467	_	ɣʷ	g̈ʷʱ
2468	_	ɣ	g
2469	V_V	ɣ	g
2470	_	ɣ	g
2471	V_#	ɣ	g
2472	V_V	ɣ	ɡ̊
2473	_	ɣ	g̊
2474	_	ʁ	q
2475	_	ββ	bb
2476	_	ββ	bb
2476	_	ðð	dd
2476	_	ɣɣ	gg
2477	_	ðð	dd
2477	_	ɣ	ɣɣ
2478	_	ð̥ð̥	d̥d̥
2576	C_	ç	c
2578	_	ç	c
2583	#_	β	b 
2583	#_	ð	d 
2583	#_	ʝ	ɟ 
2583	#_	ɣ	g 
2585	#_	β	b
2586	#_	β	b
2587	#_	β	b
2588	#_	β	b
2589	#_	β	b
2591	#_	β	b
2592	#_	v	b
2593	#_	ð	d
2594	#_	ð	d
2595	#_	ʓ	ɟ
2596	#_	ɣ	g
2597	#_	ɣ	g
2599	#_	ʁ	q
2600	#_	ʁ	ɢ
2601	#_	j	g
2608	#_	ʓ	ḏʓ
2609	#_	ʓ	ḏʓ
2610	#_	ʑ	ḏʑ
2611	_	ʒ	ḏʒ
2613	#_	ṣ	ṭṣ
2614	#_	ẓ	ḍẓ
2615	_	ss	ts
2615	_	z	dz
2616	_	θ	ts
2617	_	z	dz
2618	_	zz	dz
2619	_	ʆ	ṯʆ
2642	_	sˤ	ts
2643	_	s’	ts
2644	_	s’	ts’
2647	V_V	ḷ	ḍḍ
2648	_	ḷḷ	ḍḍ
2649	_	ḷḷ	ḍḍ
2651	_	ḷ	ḍ
2652	_	ḷḷ	ḍḍ
2653	_	ʎ	ɟ
2654	_	ʎʎ	ɟɟ
2656	_	ʎ	ɟ
2664	_	m	mb
2665	_	mm	mb
2670	_#	m	p
2670	_#	n	t
2670	_#	ŋ	k
2671	_#	m	p
2671	_#	n	t
2671	_#	ŋ	k
2682	V_V	l	n
2682	V_V	r	n
2692	#_	w	gʷ
2692	#_	j	ḏʓ
2693	#_	w	gʷ
2693	#_	j	ḏʓ
2694	#_	w	gʷ
2694	#_	j	ḏʓ
2695	#_	w	gʷ
2695	#_	j	ɟ
2697	#_	j	ḏʓ
2698	#_	j	ḏʒ
2699	#_	j	ḏʒ
2700	#_	j	ɟ
2701	#_	j	ɟ
2702	#_	j	ɟ
2703	#_	j	ɟ
2704	#_	j	ḏʒ
2706	#_	j	ɟ
2707	#_	w	b
2708	#_	w	b
2709	#_	w	b
2710	#_	w	b
2711	#_	w	b
2712	#_	w	b
2714	#_	w	gʷ
2719	_	jj	ɟɟ
2720	_	jj	ɟɟ
2720	_	ww	ggʷ
2721	_	jj	ɟɟ
2721	_	ww	ggʷ
2722	_	jj	ɟɟ
2723	_	jj	ɟɟ
2729	_	j	ɟ
2730	_	j	ɟ
2732	_	j	ɟ
2733	_	j	ɟ
2736	_	w	b
2737	_	w	b
2753	#_	h	x
2754	_	h	x 
2756	V_	h	x
2758	V_V	h	ɣ
2759	_	ṟʲ	ɹʲ̝
2761	_	ṟʲ	ɹʲ̝
2763	_	ṛ	ʒ
2764	#_	r	ḍẓ
2769	V_V	r	z
2771	_	r̥	ṣ
2772	_	r̥	ṣ
2773	_#	r	ṣ
2779	_	l ̥	ɬ
2780	_	l ̥	ɬ
2781	_	l̥̣	ɬ ̣
2784	_	l ̥	ɬ
2785	_	l ̥	ɬ
2802	V_V	r	ð
2803	_	ł	ɣ
2804	V_V	ł	ɣ
2806	_	ł	ɣ
2807	_	ʀ	ʁ
2808	_	ʀ	ʁ
2809	_	ʀ	ʁ
2810	_	ʀ	ʁ
2811	_	ʀ	ʁ
2812	_	ʀ	ʁ
2814	_	w	β
2815	_	w	β
2818	_	w	β
2819	_	w	β
2821	_	w	β
2822	_	w	β
2823	_	w	β
2824	V_V	wʲ	βʲ
2825	_	w	v
2827	_V	w	v
2828	_	w	v
2830	_V	w	v
2831	_V	w	v
2839	_	w	v
2840	_	w	v
2841	_	w	v
2844	_	w	v
2845	_	w	v
2846	_	w	v
2847	_	w	v
2847	_	wʲ	vʲ
2848	_	w	v
2849	_	w	v
2851	_	w	v
2852	_	w	v
2854	_	w	v
2855	V_V	j	ʝ
2856	_	j	ʝ
2858	#_	j	ʝ
2859	_	j	ʝ
2861	_	j	ʝ
2880	#_	w̥	f
2881	C_	w	β
2892	V_#	w	v
2897	_C	w	v
2900	V_V	w	ɣ
2904	_	w	ɣʷ
2905	#_	w	β
2905	#_	j	ʝ 
2906	#_	w	ɣʷ
2906	#_	j	ʑ
2910	#_	w	v
2911	#_	w	v
2912	#_	w	v
2914	#_	w	β
2919	#_	w	v
2922	#_	j	ʝ
2923	#_	j	ʓ
2924	_	ʝ	ʓ
2925	#_	j	ʝ
2926	V_V	jj	ʝʝ
2940	_	tt 	ttʰ 
2942	_	p	pʰ
2942	_	t	tʰ
2942	_	ṯɕ	ṯɕʰ
2942	_	k	kʰ
2944	V_V	p	pʰ
2944	V_V	t	tʰ
2944	V_V	k	kʰ
2946	_	pp	pʰ
2946	_	tt	tʰ
2946	_	kk	kʰ
2947	_	pp	pʰ
2947	_	tt	tʰ
2947	_	kk	kʰ
2948	_	t.s 	ttsʰ
2948	_	k.ṣ 	ṭṭṣʰ
2949	_	k.ṣ 	ṭṭṣʰ
2950	_	t.s 	ttsʰ
2969	V_	p	ʰp
2969	V_	t	ʰt
2969	V_	k	ʰk
2970	_	pp	ʰpp
2970	_	tt	ʰtt
2970	_	cc	ʰcc
2970	_	kk	ʰkk
2973	_	ʰp$p	h$b̥
2973	_	ʰt$t	h$d̥
2973	_	ʰc$c	h$
2973	_	ʰk$k	h$ɡ̊
2974	_	ʰT	hT
2976	_	pp	pɸ
2976	_	tt	tθ
2976	_	kk	kx
2977	_V	d	dz
2977	_V	dʲ	dzʲ
2979	_	c	ṯç
2979	_	ɟ	ɟʝ
2980	_	c	ṯç
2980	_	ɟ	ḏʝ
2981	_	c	ṯç
2983	_	pʰ	pɸ
2983	_	tʰ	tθ
2983	_	kʰ	kx
2986	_	tʰ	ts
2987	_	tʰ	ṯʃ
2990	#_	pʰ	pf
2991	_#	k	kx
2992	_	ṭṭʰ	ṭṣʰ
2993	#_	pʰ	pᶲ
2993	#_	tʰ	tˢ
2993	#_	kʰ	kˣ
2994	#_	pʰ	pᶲ
2994	#_	tʰ	tˢʰ
2994	#_	kʰ	kˣ
2995	#_	pʰ	pᶲ
2995	#_	tʰ	tˢ
2995	#_	kʰ	kˣ
2996	#_	pʰ	pᶲ
2996	#_	tʰ	tˢ
2996	#_	kʰ	kˣ
2997	V_V	pʰ	pf
2997	V_V	tʰ̪	ts̪
2997	V_V	̪ kʰ	kx
3014	V_V	f	ff
3014	V_V	s̪	ss̪
3014	V_V	̪ x	xx
3018	#_	r	rr
3019	#_	r	rr
3020	#_	r	rr
3021	#_	r	rr
3022	#_	r	rr
3023	#_	r	rr
3024	#_	r	rr
3025	#_	l	ll
3026	#_	l	ll
3027	V_	p	pp
3027	V_	t	tt
3027	V_	ṭṣ	ṭṭṣ
3027	V_	k	kk
3057	_C	m	mm
3062	C_	C	C:
3065	_	ḻʲ	lḻʲ
3066	_	ṉʲ	nṉʲ
3112	_	p	pp
3112	_	t	tt
3112	_	k	kk
3112	_	m	mm
3122	_	j	jj
3127	V_V	j	ij̯ 
3134	_	D	D̥
3134	_	T	D̥
3134	_	Ð̥,Ð	Þ
3138	_	D	D̥
3138	_	T	D̥
3140	_#	t	d
3145	V_#	ɸ	β
3145	V_#	θ	ð
3145	V_#	x	ɣ
3145	V_#	xʲ	ɣʲ
3151	_#	Tʰ	T
3152	_#	Tʰ	T
3153	_#	Ð	Þ
3153	_#	R	R̥
3154	_#	D	T
3154	_#	Z	S
3155	_#	D	T
3155	_#	Z	S
3156	_#	D	T
3156	_#	dz	ts
3156	_#	z	s
3157	_#	D	T
3157	_#	Ð	Þ
3158	_#	D	T
3158	_#	Z	S
3159	_#	b	p
3159	_#	d	t
3159	_#	g	k
3159	_#	β	ɸ
3159	_#	ð	θ
3159	_#	ɣ	x
3161	_#	D	T
3161	_#	Ð	Þ
3163	_C	D̥	T
3163	_C	Ð	Þ
3164	_#	D	T
3164	_#	Ð	Þ
3165	_#	D	T
3165	_#	Ð	Þ
3167	_#	D	T
3167	_#	Ð	Þ
3169	_#	D	T
3170	_#	D	Tʰ
3171	_#	D	T
3172	_#	D	T
3173	_#	D	T
3174	_#	D	T
3175	_#	D̥	T
3176	_#	d	t
3176	_#	g	k
3177	_#	d	t
3179	_#	d	t
3180	_#	d̥	t
3181	_#	g	k
3183	_#	ɡ̊	k
3185	_#	v	f
3185	_#	ʝ	ç
3185	_#	ɣ	x
3186	_#	β	ɸ
3186	_#	ɣ	x
3187	_#	v	f
3188	_#	z	s
3191	_	Cˤ	C’
3192	_	p	p’
3192	_	t	t’
3192	_	ts	ts’
3192	_	ṯʃ	ṯʃ’
3192	_	k	k’
3196	V_V	p	ʔp
3196	V_V	t	ʔt
3196	V_V	t	ʔt
3197	_	b̤̤ʱ	b’
3197	_	d̤ʱ	d’
3197	_	ḍ̤ʱ	ḍ’
3197	_	ʣ̤̤ʱ	dz’
3197	_	g̤ʱ	g’
3200	_	T’	T
3201	_	T’	T
3202	_	T’	T
3203	_	’D	D
3207	V_V	v	β
3208	_	v	β
3209	_	v	β
3210	_	θ	f
3210	_	ð	v
3211	_	θ	f
3211	_	ð	v
3211	_	ðˤ	vˤ
3214	_	θ	f
3215	V_	ð	v 
3216	_	ð	v 
3235	_	s̪	θ
3235	_	z̪	ð
3236	_	s̪	θ
3236	_	z̪	ð
3237	_	s̪	θ
3237	_	z̪	ð
3238	_	s̪	θ
3239	_	s̪	θ
3241	_	s̪	θ
3241	_	z̪	ð
3242	_	s	θ
3243	_	s	θ
3244	_	s̪ 	θ
3244	_	z̪ 	ð 
3244	_	s’̪ 	θ’ 
3245	_	s̪	θ
3245	_	z̪	ð
3245	_	s’̪	θ’
3246	_	s̪	θ
3246	_	z̪	ð
3246	_	s’̪	θ’
3247	_	z̪	d
3248	_	s̪	θ
3248	_	z̪	ð
3248	_	s’̪	θ’
3249	_	s	θ
3250	_	ss̪̪	θθ
3252	_	dz	ð
3261	_	s ̺	s
3261	_	̪ z ̺	z̪
3262	_	s ̺	s
3262	_	̪ z ̺	z̪
3263	_	s ̺	s̪
3264	_	ts ̺	ts
3264	_	ts’̺	ts’
3264	_	dz ̺	dz
3265	_	ts ̺	ts
3265	_	ts’̺	ts’
3265	_	dz ̺	dz
3266	_	ts ̺	ts
3266	_	ts’̺	ts’
3266	_	dz ̺	dz
3267	_	s ̺	s
3267	_	z ̺	z
3268	_	s ̺	s
3268	_	z ̺	z
3271	_	s ̺	s
3272	_	s ̺	s
3273	_	s ̺	s
3274	_	„ṯɕ“ 	t 
3275	_	ṯɕ	t
3275	_	ḏʑ	d
3275	_	ṯɕʰ	tʰ
3276	_	ṯɕ	t
3276	_	ḏʑ	d
3276	_	ṯɕʰ	tʰ
3277	_	ḏʓ	d
3278	_	ṯʆ	ṯʲ
3279	_	ṯɕ	ṯʲ
3279	_	ḏʑ	dʲ
3280	_	ṯɕ	ṯʲ
3281	_	ṯɕ	ts
3281	_	ḏʑ	dz
3281	_	ɕ	s
3281	_	ʑ	z
3282	_	ṯɕ	ts
3282	_	ḏʑ	dz
3282	_	ɕ	s
3282	_	ʑ	z
3284	_	ṯɕ	ts
3284	_	ṯɕʰ	tsʰ
3284	_	dʑ ̤	dz
3287	_	ṯɕ	ts
3287	_	ḏʑ	dz
3287	_	ṯʆʰ	tsʰ
3287	_	d̤ʓʱ	d̤z̤ʱ
3288	_	ṯɕ	ts
3288	_	ḏʑ	dz
3289	_	ṯɕ	ts
3289	_	ḏʑ	dz
3290	_	ṯɕ	ts
3290	_	ḏʑ	dz
3290	_	ṯɕ’	ts’
3291	_	ṯɕ	ts
3291	_	ḏʑ	dz
3292	_	ṯɕ	ts
3292	_	ḏʑ	dz
3294	_	ṯɕ	ts
3294	_	ḏʑ	dz
3295	_	ṯɕ	ts
3295	_	ḏʑ	dz
3298	_	ṯɕ	tsʲ
3299	_	ṯɕ	tsʲ
3300	#_	ṯɕ	tsʲ
3301	_	ṯɕ	ts
3302	_	ṯɕ	ts
3303	_	ṯɕ	ts
3304	_	ṯɕ	ts
3305	_	ṯɕ	ts
3306	_	ṯɕ	ts
3309	#_	ṯɕ	ts
3311	_	ḏʑ	dz
3312	V_V	ɟ	dz
3313	_	ɟɟ	ddz
3314	_	ɟ	dz
3315	_	ɕ	s
3315	_	ʑ	z
3316	_	ɕ	s
3316	_	ʑ	z
3317	_	ɕ	s
3318	_	ɕ	s
3327	C_	ḏʑ	dz
3331	_	ṯʆ	ts
3331	_	ḏʓ	dz
3331	_	ṯʆʰ	tsʰ
3331	_	ʆ	s
3332	_	ṯʆ	ts
3332	_	ʆ	s
3332	_	ʓ	z
3333	_	ṯʃ	ts
3333	_	ḏʒ	dz
3333	_	ʃ	s
3333	_	ʒ	z
3334	_	ṯʆ	tsʲ
3334	_	ḏʓ	dzʲ
3334	_	ʆ	sʲ
3334	_	ʓ	zʲ
3335	_	ṯʃ	ts
3335	_	ʃ	s
3335	_	ʒ	z
3336	_	ṯʃ	ts
3336	_	ḏʒ	dz
3337	_	ṯʆ	ts
3337	_	ḏʓ	dz
3338	_	ṯʆ	ts
3338	_	ḏʓ	dz
3338	_	ṯʆʰ	tsʰ
3338	_	d̤ʓʱ	d̤z̤ʱ
3339	_	ṯʆ	ts
3339	_	ḏʓ	dz
3339	_	ṯʆʰ	tsʰ
3339	_	d̤ʓʱ	dzʰ
3340	_	ṯʆ	ts
3340	_	ṯʆʰ	tsʰ
3341	_	ṯʆ	ts
3341	_	ḏʓ	dz
3341	_	ṯʆʰ	tsʰ
3342	_	ṯʆ	ts
3342	_	ḏʓ	dz
3342	_	ṯʆʰ	tsʰ
3343	_	ṯʆ	ts
3343	_	ḏʓ	dz
3343	_	ṯʆʰ	tsʰ
3344	_	ṯʆ	ts
3344	_	ḏʓ	dz
3344	_	ṯʆʰ	ts
3345	_	ṯʃ	ts
3345	_	ḏʒ	dz
3346	_	ṯʃ	ts
3346	_	ḏʒ	dz
3346	_	ṯʃ’	ts’
3347	_	ṯʆ	ts
3347	_	ḏʓ	dz
3348	_	ṯʃ	ts
3348	_	ḏʒ	dz
3349	_	ṯʆ	ts
3349	_	ḏʓ	dz
3350	_	ṯʆ	tsʲ
3350	_	ḏʓ	dzʲ
3351	_	ṯʆ	ts
3351	_	ḏʓ	dz
3352	_	ṯʆ	ts
3353	V_V	ṯʃ	ts
3354	_	ṯʃ	ts
3355	_	ṯʆ	ts
3357	_	ṯʆ	ts
3359	_	ṯʆ	ts
3360	_	ḏʒ	dz
3361	_	ḏʒ	dz
3362	_	ʆ	s
3362	_	ʓ	z
3363	_	ʃ	s
3363	_	ʒ	z
3364	_	ʆ	s
3364	_	ʓ	z
3365	_	ʃ	s
3365	_	ʒ	z
3366	_	ʆ	s
3366	_	ʓ	z
3367	_	ʃ	s ̺
3368	_	ʆ	s
3369	_	ʃ	s
3370	_	ʃ	s
3371	_	ʆ	s
3372	_	ʆ	s
3373	_	ʆ	s
3374	_	ʆ	s
3375	_	ʃ	s ̺
3376	_	ʆ	s
3377	_	ʆ	s
3378	_	ʆ	s
3379	_	ʆ	s
3380	_	ʒ	z
3381	_	ʒ	z
3395	_	ṭ	t
3395	_	ḍ	d
3395	_	ṭʰ	tʰ
3395	_	ḍ̈ʱ	d̤ʱ
3395	_	ḷ	l
3395	_	ṇ	n
3395	_	ɾ̣	r
3396	_	ṭ	t
3397	_	ṭ	t
3398	_	ṭ	t
3399	_	ṭ	t
3400	_	ṭ	t
3401	_	ḍ	d
3402	_	ḍḍ	dd
3403	_	ḍ	d
3404	_	ṭṣ	ts
3404	_	ṣ	s
3405	_	ṭṣ	ts
3405	_	ḍẓ	dz
3406	_	ṣ	s
3407	_	ṣ	s
3408	_	ṣ	s
3409	_	ṣ	s
3410	_	ṣ	s
3414	_	ṇ	n
3414	_	ḷ	l
3414	_	ɾ̣	r
3415	_	ṇ	n
3415	_	ḷ	l
3416	_	ṇ	n
3416	_	ḷ	l
3417	_	ṇ	n
3417	_	ɾ̣	r
3418	_	ṇ	n
3418	_	ḷ	l
3419	_	ṇ	n
3420	_	ṇ	n
3421	_	ṇ	n
3422	_	ṇ	n
3423	_	ṇ	n
3424	_	ṇ	n
3426	V_V	ɾ̣	r
3427	V_V	ɾ̣	r
3428	_	ɾ̣	r
3429	_	ɾ̣	r
3430	V_V	ɾ̣	r
3431	_	ṛ	r
3432	_	ɺ ̣	ḷ
3433	_	ɺ ̣	l
3434	_	ɾ̣	r
3435	_	ṭṣ	ṯʃ
3435	_	ḍẓ	ḏʒ
3435	_	ṣ	ʃ
3436	_	tṣ	ṯʃ
3436	_	ṣ	ʃ
3436	_	ẓ	ʒ
3437	_	ṭṣʰ	ṯʆʰ
3438	_	ṭ.ṣ	ṯʆ
3439	_	ṭṣʰ	ṯʃ
3440	#_	ṭṣ	ṯʃ
3442	_	ṣ	ʃ
3442	_	ẓ	ʒ
3443	_	ṣ	ʃ
3443	_	ẓ	ʒ
3444	_	ṣ	ʃ
3445	_	ṣ	ʃ
3446	_	ṣ	ʃ
3446	_	ẓ	ʒ
3447	_	ṣ	ʃ
3447	_	ẓ	ʒ
3449	_	ṣ	ʆ
3450	_	ṣ	ʃ
3452	_	ṣ	ʃ
3453	_	ṣ	ʆ
3454	_	ṣ	ʃ
3455	_	ṣ	ʃ
3456	_	ṭṣʰ	ṯʆʰ
3456	_	ḍẓʰ	d̤ʓ̈ʱ
3457	_	ṭṣʰ	ṯʆʰ
3458	_	ṣ	ʃ
3459	_	ẓ	ʒ
3460	_	ɟ	d
3462	_	ʝ	ð
3464	_	ʎ	l
3464	_	ɲ	n
3466	_	ʎ	l
3467	_	ʎ	l
3468	_	ʎ	l
3469	_	ʎʎ	ll
3470	_	ʎ	l
3471	_	ʎ	l
3472	_	ɲ	n
3473	_	ɲ	n
3476	_	ɲ	n
3477	#_	ɲ	n
3478	#_	ɲ	n
3479	_	c	ṯʆ
3479	_	ɟ	ḏʓ
3479	_	ç	ʆ
3479	_	ʝ	ʓ
3480	_	c	ṯʆ
3480	_	ɟ	ḏʓ
3480	_	ç	ʆ
3481	_	c	ṯʆ
3481	_	c’	ṯʆ’
3481	_	ɟ	ḏʓ
3482	_	c	ṯʆ
3482	_	ɟ	ḏʓ
3483	_	c 	ṯʆ 
3483	_	ɟ 	ḏʓ 
3484	_	c	ṯʆ
3484	_	ɟ	ḏʓ
3485	_	c	ṯʃ
3485	_	cʰ	ṯʃʰ
3485	_	ɟ	ḏʒ
3486	_	c	ṯʆ
3486	_	ɟ	ḏʓ
3487	_	c	ṯʃ
3487	_	ɟ	ḏʒ
3488	_V	c	ṯʆ
3488	_V	ɟ	ḏʓ
3489	_	c	ṯʆ
3489	_	ɟ	ḏʓ
3490	_	c	ṯʃ
3490	_	ɟ	ḏʒ
3491	_	c	ṯʆ
3491	_	ɟ	ḏʓ
3492	_	c	ṯʆ
3492	_	ɟ	ḏʓ
3493	_	c	ṯʆ
3493	_	ɟ	ḏʓ
3494	_	cʰ	ṯʆʰ
3494	_	ɟ	ḏʓ
3498	_	c	ṯʆ
3499	_	c	ṯʆ
3500	_	c	ṯʆ
3501	_	c	ṯʆ
3503	_	c	ṯʆ
3504	_	c	ṯʆ
3505	_	c	ṯʃ
3508	C_	ɟ	ḏʓ
3509	_	ɟ	ḏʓ
3510	_	ɟ	ḏʓ
3511	_	ɟ	ḏʓ
3514	#_	ɟ	ḏʓ
3515	#_	ɟ	ḏʓ
3516	#_	ɟ	ḏʒ
3517	#_	ɟ	ḏʒ
3518	#_	ɟ	ḏʓ
3519	_	ɟ	ḏʒ
3527	_	ç	ʃ
3530	_	ç	ʆ
3531	_	ç	ʃ
3532	_	ʝ	ʒ
3533	#_	ʝ	ʒ
3534	_	ʝ	ʓ
3535	_	ʝ	ʓ
3536	#_	ʝ	ʓ
3537	_	ʝ	ʑ
3539	#_	ʝ	ʓ
3542	_	ṯɕ	ṯʆ
3542	_	ḏʑ	ḏʓ
3542	_	ṯɕʰ	ṯʆʰ
3542	_	ḏʑ	ḏʓ
3542	_	ɕ	ʆ
3543	_	ṯɕ	ṯʆ
3543	_	ḏʑ	ḏʓ
3543	_	ɕ	ʆ
3544	_	ṯɕ	ṯʆ
3544	_	ḏʑ	ḏʓ
3544	_	ɕ	ʆ
3544	_	ʑ	ʓ
3545	_	ṯɕ	ṯʃ
3545	_	ḏʑ	ḏʒ
3545	_	ɕ	ʃ
3545	_	ʑ	ʒ
3546	_	ṯɕ	ṯʆ
3546	_	ḏʑ	ḏʓ
3546	_	ɕ	ʆ
3547	_	ṯɕ	ṯʃ
3547	_	ḏʑ	ḏʒ
3547	_	ɕ	ʃ
3549	_	ṯɕ	ṯʃ
3549	_	ɕ	ʃ
3550	_	ṯɕ	ṯʆ
3550	_	ḏʑ	ḏʓ
3550	_	ɕ	ʆ
3550	_	ʑ	ʓ
3551	_	ṯɕ	ṯʃ
3551	_	ḏʑ	ḏʒ
3551	_	ṯɕ’	ṯʃ’
3552	_	ṯɕ	ṯʃ
3552	_	ḏʑ	ḏʒ
3552	_	ṯɕ’	ṯʃ’
3555	_	ṯɕ	ṯʃ
3555	_	ḏʑ	ḏʒ
3556	_	ṯɕ	ṯʃ
3556	_	ḏʑ	ḏʒ
3557	_	ṯɕ	ṯʆ
3557	_	ḏʑ	ḏʓ
3558	_	ṯɕ	ṯʃ
3558	_	ḏʑ	ḏʒ
3559	_	ṯɕ	ṯʆ
3559	_	ḏʑ	ḏʓ
3560	#_	ṯɕ	ṯʆ
3561	_	ṯɕ	ṯʃ
3563	_	ṯɕ	ṯʆ
3564	_	ṯɕ	ṯʆ
3565	_	ɕ	ʃ
3565	_	ʑ	ʒ
3566	_	ɕ	ʃ
3566	_	ʑ	ʒ
3567	_	ɕ	ʆ
3567	_	ʑ	ʓ
3568	_	ɕ	ʃ
3569	_	ɕ	ʃ
3570	_	ɕ	ʃ
3571	_	ɕ	ʆ
3572	_	ʑ	ʒ
3573	_	ɕ	ʆ
3575	_	ʎʎ	ḍḍ
3576	_	ʎ	ḷ
3580	_	c	ṯɕ
3580	_	ɟ	ḏʑ
3580	_	ɟʱ̈	d̤ʑʱ̤
3583	_	c	ṯɕ
3583	_	ɟ	ḏʑ
3583	_	cʰ	ṯɕʰ
3584	_	c	ṯɕ
3584	_	ɟ	ḏʑ
3585	_V	c	ṯɕ
3585	_V	ɟ	ḏʑ
3587	_	c	ṯɕ
3587	_	ɟ	ḏʑ
3588	_	c	ṯɕ
3588	_	ɟ	ḏʑ
3590	_	c	ṯɕ
3590	_	ɟ	ḏʑ
3590	_	ɟʱ̈	d̤ʑʱ̤
3591	_	c	ṯɕ
3591	_	ɟ	ḏʑ
3591	_	ɟʱ̈	d̤ʑʱ̤
3593	_	c	ṯɕ
3593	_	ɟ	ḏʑ
3597	_	c	„ṯɕ“ 
3598	_	c	ṯʆ
3601	_	c	ṯɕ
3603	_	c	ṯɕ
3605	_	c 	ṯɕ 
3606	_	c	ṯɕ
3607	_	c	ṯɕ
3608	_	c	ṯɕ
3610	_	ɟ	ḏʑ
3611	_	ɟɟ	ḏḏʑ
3612	V_V	ɟɟ	ḏḏʑ
3613	V_V	ɟ	ḏʑ
3614	_	ɟ	ḏʑ
3615	_	ɟ	ḏʑ
3617	C_	ɟ	ḏʑ
3619	_	c	ṯɕ
3620	_	ɟ	ḏʑ
3621	_	cç	ṯɕ
3621	_	ɟʝ	ḏʑ
3623	_	ç	ɕ
3624	_	ç	ɕ
3625	_	ʝ	ʑ
3626	_	ç	ɕ
3629	_C	x	p
3629	_C	ɣ	w
3640	_#	ŋ	n
3643	_#	k	ʰt
3649	_	k	k̘ʲ
3650	_	k	k̘ʲ
3650	_	g	g̘ʲ
3651	_	g	ɟ
3652	_	k	c
3653	_	k	c
3654	_	k̑	c
3655	_	k̑	c
3655	_	g̑	ɟ
3655	_	g̑ʱ	ɟʱ̈
3656	_	k̑	c
3656	_	ǵ	ɟ
3656	_	g̑ʱ	ɟʱ̈
3660	_	x	ç
3660	_	ɣ	ʝ
3663	#_	ɣ	ʝ
3682	_	q	ḵ
3683	_	q	k
3684	_	q	k 
3685	_	ɢ	g
3686	_	ħ	χ
3687	_	ħ	χ
3688	_#	h	ħ
3689	_	h	ħ
3690	_	ɸ	f
3690	_	β	v
3691	_	ɸ	f
3691	_	β	v
3692	_	ɸ	f
3692	_	β	v
3693	_	ɸ	f
3693	_	β	v
3694	_	ɸ	f
3694	_	β	v
3695	_	ɸ	f
3696	_	ɸ	f
3697	_	ɸ	f
3698	_	ɸ	f
3699	_	β	v
3700	_	β	v
3701	_	β	v
3702	V_	β	v
3703	_	β	v
3704	_	β	v
3705	V_	β	v
3706	_	β	v
3707	_	β	v
3708	V_	β	v
3709	_	β	v
3710	_	β	v
3711	_	β	v
3712	_	β	v
3713	_	β	v
3714	_	β	v
3715	_	ɸʲ	fʲ
3715	_	βʲ	vʲ
3716	_	βʲ	vʲ
3717	#_	wʲ	v
3727	_#	m	n
3728	_#	m	n
3729	_#	m	n
3730	_#	m	n
3731	_#	m	n
3732	_#	m	n
3733	V_#	m	n
3734	_#	m	n
3735	_#	m	n
3736	_#	m	n
3737	_#	m	n
3739	_#	m	n
3740	_#	m	n
3741	_#	m	n
3744	V_#	m	n
3745	_#	m	n
3748	_#	m	n
3749	_#	m	n
3750	_#	m	n
3751	_#	p	t
3770	_	β	ɣ
3774	V_	f	hv
3775	V_	f	xw
3776	_	f	xʷ fx
3778	_	θ	s
3778	_	ð	z
3778	_	ðˤ	zˤ
3779	_	θ	s
3779	_	ð	z
3780	_	θ	s
3780	_	ð	z
3781	_	θ	s
3781	_	ð	z
3782	_	θ	s
3782	_	̪ ð	z̪
3783	#_	θ	s̪
3784	_#	θ	s̪
3785	V_V	ð	z̪
3786	_	θ	s
3786	_	ð	z
3786	_	θ’	s’
3787	_	θ	s 
3787	_	ð	z
3787	_	θ’	s’
3788	#_	θ	s̪
3789	_	θ	s
3790	_	θ	s
3791	_	θ	s
3792	V_	θ	s
3793	_	θθ	ss
3794	V_V	ð	z
3796	_	ð	z
3799	_	t̪	t
3800	_	t̪	t
3801	#_	s̪	s
3802	_	z̪	z
3803	_	z̪	z
3804	_	s̪	s
3805	_	s̪	s
3806	_	s̪	s
3808	_	s̪	s
3808	_	̺ z̪	z ̺
3809	_	s̪	s ̺
3810	_	s̪	s
3810	_	z̪	z
3810	_	s’̪	s’
3811	_	z̪	z
3811	_	s’̪	s’
3812	_	s̪ 	s ̺ 
3813	_	s̪	s
3813	_	z̪	z
3813	_	s’̪	s’
3814	_	n̪n̪	nn
3814	_	ll̪̪	ll
3815	_	ll̪̪	ll
3815	_	n̪n̪	nn
3816	_	θ	“ç”
3818	V_V	l	ʎ
3820	#_	l	ʎ
3821	_	nn	ɲɲ
3821	_	ll	ʎʎ
3822	_	nn	ɲɲ
3822	_	ll	ʎʎ
3825	_	n̪n̪	ɲɲ
3825	_	ll̪̪	ʎʎ
3826	_	ll	ddz
3827	_	ll	ʎʎ
3834	V_#	n	ɲ
3834	V_#	l	ʎ
3836	V_#	n	ɲ
3838	V_C	l	ʎ
3842	_	ð	ɣ
3842	_	ðʲ	ɣʲ
3843	_	ð 	ɣ 
3848	V_#	n	ŋ
3849	V_#	n	ŋ
3850	_#	n	ŋ
3852	_	n̪n̪	ŋŋ
3855	_	nṉʲ	ŋŋʲ
3875	_#	t	k
3876	_	r	ʀ
3877	_	r	ʀ
3878	_	r	ʀ
3879	_	r	ʀ
3880	_	r	ʀ
3881	_	r	ʀ
3882	_	r	ʀ
3883	_	r	ʀ
3884	_	r	ʁ
3889	_	r	ʀ
3890	_	r	ʀ
3891	_	r	ʀ
3892	_	r	ʀ
3896	_	r	ʀ
3897	_	ɬ’	ɢ 
3898	_	ɬʶ	ʁ 
3899	_	r	ṛ
3900	_	r	ṛ
3902	V_V	n	ṇ
3902	V_V	l	ḷ
3904	V_V	n	ṇ
3905	V_V	l	ḍḍ
3906	_	ll	ḍḍ
3907	_	ll	ḍḍ
3908	_	ll	ḷḷ
3941	_	s	ṣ
3941	_	z	ẓ
3942	_V	s ̺	ʃ
3942	_V	z ̺̊	ʒ ̊
3943	_	s	ṣ
3943	_	z	ẓ
3944	_	s ̺	ʃ 
3945	_	s ̺	ʃ 
3946	_	s ̺	ʃ
3947	_	s ̺	ʃ
3948	_	s ̺	ṣ
3949	_	s ̺	ʃ
3950	_	s ̺	ʃ 
3951	_	s ̺	ʃ
3952	_V	s ̺	ʃ
3952	_V	z ̺	ʒ
3953	_V	s ̺	ʃ
3954	_	s ̺	ʃ
3955	_	ts	ṯʃ
3956	_	ts	ṯʃ
3956	_	dz	ḏʒ
3997	_C	s ̺	ʃ
4037	#_	ts	ṯʆ
4038	_	s	ɕ
4039	_	ttsʰ	ṯṯɕʰ
4041	_	ɕ	ṣ
4041	_	ʑ	ẓ
4043	_	ṯʆ	ṭṣ
4043	_	ḏʓ	ḍẓ
4043	_	ʆ	ṣ
4043	_	ʓ	ẓ
4044	_	ṯʆ	ṭṣ
4044	_	ʆ	ṣ
4044	_	ʓ	ẓ
4045	_	ṯʆ	ṯʃ
4045	_	ḏʓ	ḏʒ
4046	#_	ṯʆ	ṭṣ
4047	_	ʆ	ʃʷ
4047	_	ʆ’	ʃʷ’
4047	_	ʓ	ʒʷ
4049	_	ʆ	ʃ
4049	_	ʓ	ʒ
4050	_	ʆ	ṣ
4050	_	ʓ	ẓ
4053	_	ʆ	ʃ
4054	_	ʆ	ṣʷ
4055	_	ʆ	ṣ
4057	_	ʆ	ʃ
4058	_	ʆ	ʃ
4061	_	ṭ	c
4061	_	ṇ	ɲ
4062	_	ḍḍ	ɟɟ
4063	_	ḍ	ɟ
4064	_	ḷ	ʎ 
4065	_	ḷ	ʎ
4066	_	ṣ	x~ ç
4066	_	ẓ	ɣ
4067	_	ṣ	ç
4067	_	ẓ	ʝ
4068	_	ṣ	x
4069	_	ṣ	x
4069	_	ẓ	ɣ
4070	_	ṣ	x~ ç
4070	_	ẓ	ɣ
4071	_	ṣ	x
4071	_	ẓ	ɣ
4072	_	ṣ	x
4072	_	ẓ	ɣ
4073	_	ṣ	x
4073	_	ẓ	ɣ
4074	_	ṣ	x
4074	_	ẓ	ɣ
4075	#_	ʃ	x
4082	_	ʃ	x
4085	#_	ṣ	ɧ
4086	#_	ṣ	xʷ
4087	_	ṣ	x
4089	_	ṯʃ	„ṯɕ“
4089	_	ḏʒ	„ḏʑ“
4091	_	ṯʆ	ṯɕ
4092	_	ṯʆ	ṯɕ
4092	_	ʆ	ɕ
4093	_	ʃ	“ɕ”
4093	_	ʒ	“ʑ”
4096	_	ʆ	ɕ
4097	#_	c	k
4097	#_	ɟ	g
4098	_	c	k
4098	_	ɟ	g
4099	_	c	k
4099	_	ɟ	g
4100	_	c	k
4102	_	ṯɕ	k
4105	_	ɟ	g
4106	_	ɟ	g
4110	#_	ʝ	 g
4125	V_V	j	w
4128	_	x	χ
4128	_	ɣ	ʁ
4129	_	x	χ
4129	_	ɣ	ʁ
4130	_	x	χ
4130	_	ɣ	ʁ
4131	_	x	χ
4131	_	ɣ	ʁ
4132	_	x	χ
4132	_	ɣ	ʁ
4133	_	kx	kχ
4133	_	x	χ
4136	_	x	χ
4136	_	xʷ	χʷ
4136	_	ɣ	ʁ
4137	_	x	χ
4137	_	ɣ	ʁ
4138	_	x	χ
4138	_	ɣ	ʁ
4139	_	x	x
4139	_	ɣ	ɣ
4140	_	x	χ
4140	_	ɣ	ʁ
4141	_	x	χ
4141	_	ɣ	ʁ
4142	_	x	χ
4142	_	ɣ	ʁ
4143	_	x	χ
4143	_	ɣ	ʁ
4144	_	x	χ
4145	_	x	χ
4145	_	ɣ	ʁ
4146	_	x	χ
4146	_	ɣ	ʁ
4147	_	x	χ
4147	_	ɣ	ʁ
4148	_	x	χ
4149	_	x	χ
4150	_	x	χ
4152	V_V	ɣ	ʁ
4157	_	χ	ħ
4157	_	ʁ	ʕ
4158	_	χ	ħ
4158	_	ʁ	ʕ
4159	_	χ	ħ
4159	_	ʁ	ʕ
4160	_	χ	ħ
4160	_	ʁ	ʕ
4161	_	χ	ħ
4162	_	χ	ħ
4163	_	χ	ħ
4164	_	ʁ	ʕ
4165	_	ʁ	ʕ
4166	_	ʁ	ʕ
4167	_	ʁ	ʕ
4168	_	χ	ħ
4168	_	ʁ	ʕ
4169	_	χ	ħ
4169	_	ʁ	ʕ
4172	_	ħ	h
4173	_	ħ	ʜ
4174	_	ħ	h
4175	_	ħ	h
4176	_	ħ	h
4177	_V	ħ	h
4178	_	ʕ	ʔ
4179	_	ʕ	ʔ
4180	_	ʕ	ʔ
4181	_	ʕ	ʔ
4182	_	ʕ	ʔ
4183	_	ʕ	ʔ
4184	_	ħ	h
4185	_	ħ	h
4186	_	ʕ	ʔ
4188	_	ʕ	ʔ
4189	V_	ṛ	ɺ ̣
4190	_	r	l
4191	_	r	„l”
4192	_	ɾ ̣	 l
4193	_	r	l
4194	_	r	l
4195	_	r	l
4196	_	ɺ ̣	l
4197	#_	r	l
4204	_	r ̥ 	l ̥ 
4216	_	ṟʲ	ʎ
4217	_	ṟʲ	ʎ
4218	_	ṟʲ	ʎ
4221	V_C	r	l
4222	V_C	r	l
4223	_	θ	ɬ
4231	_	ɬ	s
4231	_	̺ ɬ’	s’
4232	_	ɬ 	s
4232	_	ɬ’ 	s’
4233	_	ɬɬ	ss
4234	_	ɬ	s
4235	_	ɬ	s
4236	_	ɬ	s
4237	_	ɬ’	s’
4238	_	ɬ	s
4239	_	ɬ	θ
4239	_	ɬʲ	θʲ
4240	_	ɬ	s
4241	_	ɬ	ʃ
4242	_	ɬ	ṣ
4243	_	ɬ 	ṣ ̣
4244	_	ɬ	“ç”
4245	#_	ɬ	j
4246	_	ɮˤ	ðˤ 
4258	_	β̃	β
4259	_	w̃	w
4260	_	ɾ ̃	r
4297	_	t tʰ	ṯʲ
4310	_	ṯʲ	c
4310	_	ḏʲ	ɟ
4311	_	ṯʲ	c
4311	_	dʲ	ɟ
4316	_	t	ṯʲ
4316	_	d	ḏʲ
4328	_	ðʲ	j
4329	_	ðʲ	j
4330	_	ðʲ	ʝ
4413	_	tsʲ	ṯɕ
4413	_	sʲ	ɕ
4413	_	zʲ	ʑ
4414	_	tsʲ	ṯɕ
4415	_	tsʲ	ṯɕ
4417	_	dzʲ	ḏʑ
4418	_	tsʲ	ṯɕ
4418	_	dzʲ	ḏʑ
4419	_	sʲ	ɕ
4419	_	zʲ	ʑ
4421	_	sʲ	ɕ
4421	_	zʲ	ʑ
4422	_	sʲ	ʃ
4475	_	ṯʲ	ts
4476	_	ṯʲ	tsʲ
4476	_	dʲ	dzʲ
4477	_	ṯʲ	tsʲ
4477	_	dʲ	dzʲ
4478	_	ṯʲ	tsʲ
4478	_	dʲ	dzʲ
4480	_	ṯʲ	ṯɕ
4480	_	ḏʲ	ḏʑ
4481	_	ṯʲ	ṯɕ
4481	_	ḏʲ	ḏʑ
4482	_	ṯʲ	ṯɕ
4482	_	ḏʲ	ḏʑ
4483	_	ṯʲ	ṯɕ
4483	_	ḏʲ	ḏʑ
4484	_	ṯʲ	ṯɕ
4484	_	ḏʲ	ḏʑ
4485	_	ṯʲ	ṯɕ
4485	_	ḏʲ	ḏʑ
4486	_	ṯʲ	ṯɕ
4487	_	ṯʲ	ṯɕ
4488	_	ṯʲ	ṯɕ
4490	_	ṯʲ	ṯʃ
4490	_	ḏʲ	ḏʒ
4492	_	ṯʲ	ṯʆ
4492	_	ḏʲ	ḏʓ
4500	_	ṭṣ	ṯʆ
4501	_	ṭṣ	ṯʆ
4501	_	ḍẓ	ḏʓ
4502	_	ṭṣ	ṯɕ
4516	_	kʲ	c
4516	_	gʲ	ɟ
4516	_	xʲ	ç
4516	_	ɣʲ	ʝ
4520	_	k	c
4520	_	g	ɟ
4520	_	x	ç
4524	_	kʲ	c
4524	_	gʲ	ɟ
4524	_	xʲ	ç
4543	_	k	c 
4543	_	g	ɟ 
4582	_	ŋʲ	ṉʲ
4589	_	Cʲ	jC
4590	_	sʲ	js
4590	_	zʲ	jz
4590	_	ṉʲ	jn
4591	_	bj	jb
4592	_	bj	jb
4592	_	vj	jv
4592	_		
4594	V_	c	jk
4594	V_	ç	jx
4594	V_	ʝ	jɣ
4596	V_	sʲ̺	js ̺
4598	V_	ɕ	jʃ
4601	_	ṟʲ	jR
4601	_	wʲ	jw
4601	_	fʲ	jf
4606	V_	ṟʲ	jr
4608	V_	ṉʲ	jn
4610	V_	ʎ	jl
4610	V_	ɲ	jn
4611	_	ṯʲ	ʆṯʲ
4611	_	ḏʲ	ʓḏʲ
4612	_	Cʲ	C
4613	_	Cʲ	C
4614	_#	Cʲ	C
4615	_#	Cʲ	C
4619	C_	Cʲ	C
4620	_	pʲ	p
4620	_	bʲ	b
4620	_	mʲ	m
4620	_	vʲ	v
4621	_	pʲ	p
4621	_	bʲ	b
4621	_	mʲ	m
4621	_	vʲ	v
4622	_#	pʲ	p
4622	_#	bʲ	b
4622	_#	mʲ	m
4623	_#	pʲ	p
4623	_#	bʲ	b
4623	_#	fʲ	f
4623	_#	vʲ	v
4623	_#	mʲ	m
4625	V_#	βʲ	β
4626	_C	wʲ	w
4627	#_	wʲ	v
4629	_	tsʲ	ts
4629	_	dzʲ	dz
4629	_	sʲ	s
4629	_	zʲ	z
4630	_	tsʲ	ts
4630	_	dzʲ	dz
4630	_	sʲ	s
4630	_	zʲ	z
4631	_	tsʲ	ts
4631	_	sʲ	s
4631	_	zʲ	z
4632	_	tsʲ	ts
4632	_	sʲ	s
4632	_	zʲ	z
4633	_	tsʲ	ts
4633	_	sʲ	s
4633	_	zʲ	z
4634	_	tsʲ	ts
4634	_	dzʲ	dz
4635	_	tsʲ	ts
4635	_	dzʲ	dz
4636	_	tsʲ	ts
4636	_	dzʲ	dz
4637	_	tsʲ	ts
4637	_	dzʲ	dz
4639	_	tsʲ	ts
4639	_	dzʲ	dz
4640	_	tsʲ	ts
4641	_	sʲ	s
4642	_	sʲ	s
4642	_	zʲ	z
4643	_	sʲ	s
4643	_	zʲ	z
4645	#_	sʲ	s
4648	_	ṯʆ	ṯʃ
4648	_	ḏʓ	ḏʒ
4648	_	ʆ	ʃ
4648	_	ʓ	ʒ
4649	_	ṯʆ	ṯʃ
4649	_	ḏʓ	ḏʒ
4649	_	ʆ	ʃ
4649	_	ʓ	ʒ
4650	_	ṯʆ	ṯʃ
4650	_	ḏʓ	ḏʒ
4650	_	ʆ	ʃ
4650	_	ʓ	ʒ
4651	_	ðʲ	ð
4652	_	ṉʲ	n
4652	_	ḻʲ	l
4653	_	nṉʲ	nn
4653	_	rṟʲ	rr
4654	#_	ɲ	n
4655	_	lḻʲ	ll
4656	_	ḻʲ	l
4657	_	ḻʲ	l
4662	_	ṟʲ	r
4663	_	ṟʲ	r
4664	_	ṟʲ	r
4665	_	ṟʲ	r
4666	_	ɹʲ̝	ɹ ̝
4667	_	rṟʲ	rr
4668	_	ṟʲ	r
4670	V_	ṟʲ	r
4671	_	ʎ	l
4672	_#	ʎ	l
4672	_#	ɲ	n
4673	_C	ṉʲ	n
4674	_#	ṟʲ	r
4675	_#	ṟʲ	r
4677	_	kʲ	k
4677	_	gʲ	g
4677	_	xʲ	x
4677	_	ɣʲ	ɣ
4678	_	pʲ	pj
4678	_	bʲ	bj
4678	_	vʲ	vj
4678	_	mʲ	mj
4679	_	pʲ	pj
4679	_	bʲ	bj
4679	_	vʲ	vj
4679	_	mʲ	mj
4681	_	pʲ	pj
4681	_	bʲ	bj
4681	_	vʲ	vj
4681	_	mʲ	mj
4683	_	ṟʲ	rj
4685	_	ṟʲ	rj
4686	#_	sʲ	sj
4687	_	T’	Tˤ
4688	_	T’	Tʶ
4689	_	ḍ	tˤ
4690	V_	l	ł
4691	_	l	ł
4692	_	l	ł
4693	_	l	ł
4694	_	l	ł
4695	_	l	ł
4699	_	l	ł
4704	V_C	l	ł
4705	_C	l	ł
4706	_C	l	ł
4710	V_C	l	ł
4714	#_	l	ł
4717	V_	l	ł
4718	V_V	l	ł
4719	_	nn	nˠ
4719	_	ll	ł
4719	_	l	ł
4719	_	rr	rˠ
4720	_	ll̪̪	ll̪ ˠ̪
4720	_	n̪n̪	n̪n̪
4721	C_	l	ł
4723	_V	ł	l
4724	_C	ł	l
4725	_C	ł	l
4726	_C	ł	l
4727	_C	ł	l
4728	_	sˤ	s
4738	_	kw	kʷ 
4739	_	kw	kʷ
4740	_	kw	kʷ
4741	_	kw	kʷ
4742	_	Kw	Kʷ
4743	_	Kw	Kʷ
4744	_	Kw	KKʷ
4745	_	xw	xʷ
4746	_	xw	xʷ
4747	#_	xw	xʷ
4748	#_	xw	xʷ
4749	_	kʷ	p
4749	_	gʷ	b
4749	_	kʷʰ	pʰ
4750	_	kʷ	p
4750	_	gʷ	b
4750	_	ɣʷ	β
4751	_	kʷ	p
4751	_	gʷ	b
4754	_	kʷ	p
4755	_	gʷ	b
4756	#_	gʷ	b
4757	#_	gʷ	b
4758	_	gʷ	b
4758	_	gw	bb
4759	#_	gʷ	b
4760	_	xʷ	f
4761	_	xʷ	f
4762	_	xʷ	f
4763	#_	xʷ	f
4764	#_	xʷ	f
4767	_	kʷ	k
4767	_	kʷʰ	kʰ
4767	_	gʷ	g
4767	_	g̈ʷʱ	g̈ʱ
4768	_	Cʷ	C
4769	_	kʷ	k
4769	_	gʷ	g
4769	_	g̈ʷʱ	g̈ʱ
4770	_	kʷ	k
4770	_	gʷ	g
4770	_	g̈ʷʱ	g̈ʱ
4771	_	kʷ	k
4771	_	gʷ	g
4772	_	kʷ	k
4772	_	gʷ	g
4773	_	kʷ	k
4773	_	gʷ	g
4773	_	xʷ	x
4773	_	ɣʷ	ɣ
4774	#_	gʷ	g
4775	_	xʷ	x
4775	_	ɣʷ	ɣ
4776	_	χʷ	χ
4776	_	ʁʷ	ʁ
4777	_	xʷ	x
4778	_	xʷ	x
4779	_	xʷ	x
4780	_	xʷ	x
4781	_	xʷ	x
4782	_	χʷ	χ
4784	_#	xʷ	x
4785	V_	xʷ	x
4787	_C	Kʷ	K
4818	_	ɣʷ	ɣ
4827	V_V	w	ɣ
4832	_	kʷ	kw
4833	_	gʷ	gw
4834	_	kʷ	kw
4834	_	gʷ	gw
4836	_	kʷ	kw
4836	_	xʷ	xw
4836	_	hʷ	hw
4837	_	Kʷ	Kw
4838	_	Kʷʲ	Kʲ
4842	_	kʷʲ	c 
4847	_C	wʲ	j
4848	_	wʲ	j
4852	_	wʲ	j
4860	V_		
4861	V_		
4863	V_V	k	ð
